keyword,theme,sub_theme,intent,corporate_transport_score,funding_intent_score,over_3m_score,financial_health_score,cpc_score,total_score,monthly_search_range,estimated_monthly_searches,competition,top_bid_low,top_bid_high,rank,recommended_match_type,initial_max_cpc,reason,risk,source,notes
車両増台 運送会社 資金不足,受注増・成長資金,先行資金,成長に伴う運転資金,25,25,20,15,未評価,85,未調査,,CPC不明,CPC不明,CPC不明,A,完全一致（KWP確認後にフレーズ追加）,50円,仕事の増加に対し人件費・燃料・傭車費が先行する局面。,,追加KWPシード（要実測）,KWP未調査。検索数・CPCを推測していない。
新規路線 運送会社 資金不足,受注増・成長資金,先行資金,成長に伴う運転資金,25,25,20,15,未評価,85,未調査,,CPC不明,CPC不明,CPC不明,A,完全一致（KWP確認後にフレーズ追加）,50円,仕事の増加に対し人件費・燃料・傭車費が先行する局面。,,追加KWPシード（要実測）,KWP未調査。検索数・CPCを推測していない。
大口受注 運送会社 資金不足,受注増・成長資金,先行資金,成長に伴う運転資金,25,25,20,15,未評価,85,未調査,,CPC不明,CPC不明,CPC不明,A,完全一致（KWP確認後にフレーズ追加）,50円,仕事の増加に対し人件費・燃料・傭車費が先行する局面。,,追加KWPシード（要実測）,KWP未調査。検索数・CPCを推測していない。
運送会社 車両ローン 審査 通らない,車両導入・増車,法人フィルター,車両導入の代替資金,25,25,20,10,未評価,80,未調査,,CPC不明,CPC不明,CPC不明,A,完全一致（KWP確認後にフレーズ追加）,50円,法人・事業用を明示し個人購入を抑える。,,追加KWPシード（要実測）,KWP未調査。検索数・CPCを推測していない。
車両増台 運送会社 運転資金,受注増・成長資金,先行資金,成長に伴う運転資金,25,20,20,15,未評価,80,未調査,,CPC不明,CPC不明,CPC不明,A,完全一致（KWP確認後にフレーズ追加）,50円,仕事の増加に対し人件費・燃料・傭車費が先行する局面。,,追加KWPシード（要実測）,KWP未調査。検索数・CPCを推測していない。
車両増台 運送会社 資金繰り,受注増・成長資金,先行資金,成長に伴う運転資金,25,20,20,15,未評価,80,未調査,,CPC不明,CPC不明,CPC不明,A,完全一致（KWP確認後にフレーズ追加）,50円,仕事の増加に対し人件費・燃料・傭車費が先行する局面。,,追加KWPシード（要実測）,KWP未調査。検索数・CPCを推測していない。
新規路線 運送会社 運転資金,受注増・成長資金,先行資金,成長に伴う運転資金,25,20,20,15,未評価,80,未調査,,CPC不明,CPC不明,CPC不明,A,完全一致（KWP確認後にフレーズ追加）,50円,仕事の増加に対し人件費・燃料・傭車費が先行する局面。,,追加KWPシード（要実測）,KWP未調査。検索数・CPCを推測していない。
新規路線 運送会社 資金繰り,受注増・成長資金,先行資金,成長に伴う運転資金,25,20,20,15,未評価,80,未調査,,CPC不明,CPC不明,CPC不明,A,完全一致（KWP確認後にフレーズ追加）,50円,仕事の増加に対し人件費・燃料・傭車費が先行する局面。,,追加KWPシード（要実測）,KWP未調査。検索数・CPCを推測していない。
大口受注 運送会社 運転資金,受注増・成長資金,先行資金,成長に伴う運転資金,25,20,20,15,未評価,80,未調査,,CPC不明,CPC不明,CPC不明,A,完全一致（KWP確認後にフレーズ追加）,50円,仕事の増加に対し人件費・燃料・傭車費が先行する局面。,,追加KWPシード（要実測）,KWP未調査。検索数・CPCを推測していない。
大口受注 運送会社 資金繰り,受注増・成長資金,先行資金,成長に伴う運転資金,25,20,20,15,未評価,80,未調査,,CPC不明,CPC不明,CPC不明,A,完全一致（KWP確認後にフレーズ追加）,50円,仕事の増加に対し人件費・燃料・傭車費が先行する局面。,,追加KWPシード（要実測）,KWP未調査。検索数・CPCを推測していない。
新規拠点 運送会社 資金不足,受注増・成長資金,先行資金,成長に伴う運転資金,25,25,20,8,未評価,78,未調査,,CPC不明,CPC不明,CPC不明,A,完全一致（KWP確認後にフレーズ追加）,50円,仕事の増加に対し人件費・燃料・傭車費が先行する局面。,,追加KWPシード（要実測）,KWP未調査。検索数・CPCを推測していない。
ETCコーポレートカード 支払い 入金前,燃料・ETC,カード・引落,燃料・通行費の支払資金,25,25,12,15,未評価,77,未調査,,CPC不明,CPC不明,CPC不明,A,完全一致（KWP確認後にフレーズ追加）,50円,後払いカード・高速料金の支払期日と入金ギャップ。,,追加KWPシード（要実測）,KWP未調査。検索数・CPCを推測していない。
運送会社 外注費 支払い 入金前,傭車・外注,協力会社・外注,協力会社等への支払原資,25,25,12,15,未評価,77,未調査,,CPC不明,CPC不明,CPC不明,A,完全一致（KWP確認後にフレーズ追加）,50円,運送会社の下請け・外注支払いの資金ギャップ。,,追加KWPシード（要実測）,KWP未調査。検索数・CPCを推測していない。
運送会社 協力会社 支払い 間に合わない,傭車・外注,協力会社・外注,協力会社等への支払原資,25,25,12,15,未評価,77,未調査,,CPC不明,CPC不明,CPC不明,A,完全一致（KWP確認後にフレーズ追加）,50円,運送会社の下請け・外注支払いの資金ギャップ。,,追加KWPシード（要実測）,KWP未調査。検索数・CPCを推測していない。
運送会社 協力会社 支払い 資金不足,傭車・外注,協力会社・外注,協力会社等への支払原資,25,25,12,15,未評価,77,未調査,,CPC不明,CPC不明,CPC不明,A,完全一致（KWP確認後にフレーズ追加）,50円,運送会社の下請け・外注支払いの資金ギャップ。,,追加KWPシード（要実測）,KWP未調査。検索数・CPCを推測していない。
運送会社 協力会社 支払い 入金前,傭車・外注,協力会社・外注,協力会社等への支払原資,25,25,12,15,未評価,77,未調査,,CPC不明,CPC不明,CPC不明,A,完全一致（KWP確認後にフレーズ追加）,50円,運送会社の下請け・外注支払いの資金ギャップ。,,追加KWPシード（要実測）,KWP未調査。検索数・CPCを推測していない。
運送会社 協力会社 支払い 払えない,傭車・外注,協力会社・外注,協力会社等への支払原資,25,25,12,15,未評価,77,未調査,,CPC不明,CPC不明,CPC不明,A,完全一致（KWP確認後にフレーズ追加）,50円,運送会社の下請け・外注支払いの資金ギャップ。,,追加KWPシード（要実測）,KWP未調査。検索数・CPCを推測していない。
協力会社 支払い 間に合わない,傭車・外注,協力会社・外注,協力会社等への支払原資,25,25,12,15,未評価,77,未調査,,CPC不明,CPC不明,CPC不明,A,完全一致（KWP確認後にフレーズ追加）,50円,運送会社の下請け・外注支払いの資金ギャップ。,,追加KWPシード（要実測）,KWP未調査。検索数・CPCを推測していない。
協力会社 支払い 間に合わない 運送,既存配信監査,既存設定,既存Google広告キーワード,25,25,12,15,未評価,77,未調査,,CPC不明,CPC不明,CPC不明,A,完全一致（KWP確認後にフレーズ追加）,50円,既存設定との差分・重複を確認するために記録。,,追加KWPシード（要実測）,KWP未調査。検索数・CPCを推測していない。
協力会社 支払い 資金不足,傭車・外注,協力会社・外注,協力会社等への支払原資,25,25,12,15,未評価,77,未調査,,CPC不明,CPC不明,CPC不明,A,完全一致（KWP確認後にフレーズ追加）,50円,運送会社の下請け・外注支払いの資金ギャップ。,,追加KWPシード（要実測）,KWP未調査。検索数・CPCを推測していない。
協力会社 支払い 入金前,傭車・外注,協力会社・外注,協力会社等への支払原資,25,25,12,15,未評価,77,未調査,,CPC不明,CPC不明,CPC不明,A,完全一致（KWP確認後にフレーズ追加）,50円,運送会社の下請け・外注支払いの資金ギャップ。,,追加KWPシード（要実測）,KWP未調査。検索数・CPCを推測していない。
協力会社 支払い 払えない,傭車・外注,協力会社・外注,協力会社等への支払原資,25,25,12,15,未評価,77,未調査,,CPC不明,CPC不明,CPC不明,A,完全一致（KWP確認後にフレーズ追加）,50円,運送会社の下請け・外注支払いの資金ギャップ。,,追加KWPシード（要実測）,KWP未調査。検索数・CPCを推測していない。
法人 カーリース 審査 通らない,車両導入・増車,法人フィルター,車両導入の代替資金,15,25,20,10,7,77,10–100,40,中,293,949,A,完全一致（KWP確認後にフレーズ追加）,50円テスト対象外（低額帯が50円超）,法人・事業用を明示し個人購入を抑える。,,KWP観測 2026-08-12,検索数はKWPレンジ。推定検索数は安全側の換算値（0–10=4、10–100=40、100–1000=300、1000–10000=3000）。
傭車増加 運送会社 資金不足,受注増・成長資金,先行資金,成長に伴う運転資金,25,25,12,15,未評価,77,未調査,,CPC不明,CPC不明,CPC不明,A,完全一致（KWP確認後にフレーズ追加）,50円,仕事の増加に対し人件費・燃料・傭車費が先行する局面。,,追加KWPシード（要実測）,KWP未調査。検索数・CPCを推測していない。
傭車代 支払い 間に合わない,傭車・外注,傭車支払,協力会社等への支払原資,25,25,12,15,未評価,77,未調査,,CPC不明,CPC不明,CPC不明,A,完全一致（KWP確認後にフレーズ追加）,50円,運送業の協力会社・傭車支払に直結する業界語。,,追加KWPシード（要実測）,KWP未調査。検索数・CPCを推測していない。
傭車代 資金不足,傭車・外注,傭車支払,協力会社等への支払原資,25,25,12,15,未評価,77,未調査,,CPC不明,CPC不明,CPC不明,A,完全一致（KWP確認後にフレーズ追加）,50円,運送業の協力会社・傭車支払に直結する業界語。,,追加KWPシード（要実測）,KWP未調査。検索数・CPCを推測していない。
傭車代 払えない,傭車・外注,傭車支払,協力会社等への支払原資,25,25,12,15,未評価,77,未調査,,CPC不明,CPC不明,CPC不明,A,完全一致（KWP確認後にフレーズ追加）,50円,運送業の協力会社・傭車支払に直結する業界語。,,追加KWPシード（要実測）,KWP未調査。検索数・CPCを推測していない。
傭車費 支払い 間に合わない,傭車・外注,傭車支払,協力会社等への支払原資,25,25,12,15,未評価,77,未調査,,CPC不明,CPC不明,CPC不明,A,完全一致（KWP確認後にフレーズ追加）,50円,運送業の協力会社・傭車支払に直結する業界語。,,追加KWPシード（要実測）,KWP未調査。検索数・CPCを推測していない。
傭車費 資金不足,傭車・外注,傭車支払,協力会社等への支払原資,25,25,12,15,未評価,77,未調査,,CPC不明,CPC不明,CPC不明,A,完全一致（KWP確認後にフレーズ追加）,50円,運送業の協力会社・傭車支払に直結する業界語。,,追加KWPシード（要実測）,KWP未調査。検索数・CPCを推測していない。
傭車費 払えない,傭車・外注,傭車支払,協力会社等への支払原資,25,25,12,15,未評価,77,未調査,,CPC不明,CPC不明,CPC不明,A,完全一致（KWP確認後にフレーズ追加）,50円,運送業の協力会社・傭車支払に直結する業界語。,,追加KWPシード（要実測）,KWP未調査。検索数・CPCを推測していない。
庸車代 支払い 間に合わない,傭車・外注,傭車支払,協力会社等への支払原資,25,25,12,15,未評価,77,未調査,,CPC不明,CPC不明,CPC不明,A,完全一致（KWP確認後にフレーズ追加）,50円,運送業の協力会社・傭車支払に直結する業界語。,,追加KWPシード（要実測）,KWP未調査。検索数・CPCを推測していない。
庸車代 資金不足,傭車・外注,傭車支払,協力会社等への支払原資,25,25,12,15,未評価,77,未調査,,CPC不明,CPC不明,CPC不明,A,完全一致（KWP確認後にフレーズ追加）,50円,運送業の協力会社・傭車支払に直結する業界語。,,追加KWPシード（要実測）,KWP未調査。検索数・CPCを推測していない。
庸車代 払えない,傭車・外注,傭車支払,協力会社等への支払原資,25,25,12,15,未評価,77,未調査,,CPC不明,CPC不明,CPC不明,A,完全一致（KWP確認後にフレーズ追加）,50円,運送業の協力会社・傭車支払に直結する業界語。,,追加KWPシード（要実測）,KWP未調査。検索数・CPCを推測していない。
庸車費 支払い 間に合わない,傭車・外注,傭車支払,協力会社等への支払原資,25,25,12,15,未評価,77,未調査,,CPC不明,CPC不明,CPC不明,A,完全一致（KWP確認後にフレーズ追加）,50円,運送業の協力会社・傭車支払に直結する業界語。,,追加KWPシード（要実測）,KWP未調査。検索数・CPCを推測していない。
庸車費 資金不足,傭車・外注,傭車支払,協力会社等への支払原資,25,25,12,15,未評価,77,未調査,,CPC不明,CPC不明,CPC不明,A,完全一致（KWP確認後にフレーズ追加）,50円,運送業の協力会社・傭車支払に直結する業界語。,,追加KWPシード（要実測）,KWP未調査。検索数・CPCを推測していない。
庸車費 払えない,傭車・外注,傭車支払,協力会社等への支払原資,25,25,12,15,未評価,77,未調査,,CPC不明,CPC不明,CPC不明,A,完全一致（KWP確認後にフレーズ追加）,50円,運送業の協力会社・傭車支払に直結する業界語。,,追加KWPシード（要実測）,KWP未調査。検索数・CPCを推測していない。
リース 審査 通らない 法人,車両導入・増車,法人フィルター,車両導入の代替資金,15,25,20,10,4,74,10–100,40,低,385,985,A,完全一致（KWP確認後にフレーズ追加）,50円テスト対象外（低額帯が50円超）,法人・事業用を明示し個人購入を抑える。,,KWP観測 2026-08-12,検索数はKWPレンジ。推定検索数は安全側の換算値（0–10=4、10–100=40、100–1000=300、1000–10000=3000）。
新規拠点 運送会社 運転資金,受注増・成長資金,先行資金,成長に伴う運転資金,25,20,20,8,未評価,73,未調査,,CPC不明,CPC不明,CPC不明,A,完全一致（KWP確認後にフレーズ追加）,50円,仕事の増加に対し人件費・燃料・傭車費が先行する局面。,,追加KWPシード（要実測）,KWP未調査。検索数・CPCを推測していない。
新規拠点 運送会社 資金繰り,受注増・成長資金,先行資金,成長に伴う運転資金,25,20,20,8,未評価,73,未調査,,CPC不明,CPC不明,CPC不明,A,完全一致（KWP確認後にフレーズ追加）,50円,仕事の増加に対し人件費・燃料・傭車費が先行する局面。,,追加KWPシード（要実測）,KWP未調査。検索数・CPCを推測していない。
ETCコーポレートカード 引き落とし 間に合わない,燃料・ETC,カード・引落,燃料・通行費の支払資金,25,25,12,10,未評価,72,未調査,,CPC不明,CPC不明,CPC不明,A,完全一致（KWP確認後にフレーズ追加）,50円,後払いカード・高速料金の支払期日と入金ギャップ。,,追加KWPシード（要実測）,KWP未調査。検索数・CPCを推測していない。
ETCコーポレートカード 残高不足,燃料・ETC,カード・引落,燃料・通行費の支払資金,25,25,12,10,未評価,72,未調査,,CPC不明,CPC不明,CPC不明,A,完全一致（KWP確認後にフレーズ追加）,50円,後払いカード・高速料金の支払期日と入金ギャップ。,,追加KWPシード（要実測）,KWP未調査。検索数・CPCを推測していない。
ETCコーポレートカード 利用停止,燃料・ETC,カード・引落,燃料・通行費の支払資金,25,25,12,10,未評価,72,未調査,,CPC不明,CPC不明,CPC不明,A,完全一致（KWP確認後にフレーズ追加）,50円,後払いカード・高速料金の支払期日と入金ギャップ。,,追加KWPシード（要実測）,KWP未調査。検索数・CPCを推測していない。
運送会社 協力会社 支払い 運転資金,傭車・外注,協力会社・外注,協力会社等への支払原資,25,20,12,15,未評価,72,未調査,,CPC不明,CPC不明,CPC不明,A,完全一致（KWP確認後にフレーズ追加）,50円,運送会社の下請け・外注支払いの資金ギャップ。,,追加KWPシード（要実測）,KWP未調査。検索数・CPCを推測していない。
運送会社 協力会社 支払い 資金繰り,傭車・外注,協力会社・外注,協力会社等への支払原資,25,20,12,15,未評価,72,未調査,,CPC不明,CPC不明,CPC不明,A,完全一致（KWP確認後にフレーズ追加）,50円,運送会社の下請け・外注支払いの資金ギャップ。,,追加KWPシード（要実測）,KWP未調査。検索数・CPCを推測していない。
運送会社 協力会社 支払い 立替,傭車・外注,協力会社・外注,協力会社等への支払原資,25,20,12,15,未評価,72,未調査,,CPC不明,CPC不明,CPC不明,A,完全一致（KWP確認後にフレーズ追加）,50円,運送会社の下請け・外注支払いの資金ギャップ。,,追加KWPシード（要実測）,KWP未調査。検索数・CPCを推測していない。
運送会社 車両増車 資金,既存配信監査,既存設定,既存Google広告キーワード,25,12,20,15,未評価,72,未調査,,CPC不明,CPC不明,CPC不明,A,完全一致（KWP確認後にフレーズ追加）,50円,既存設定との差分・重複を確認するために記録。,,追加KWPシード（要実測）,KWP未調査。検索数・CPCを推測していない。
運送会社 増車 資金,受注増・成長資金,運送特化表現,成長に伴う運転資金,25,12,20,15,未評価,72,未調査,,CPC不明,CPC不明,CPC不明,A,完全一致（KWP確認後にフレーズ追加）,50円,成長局面を明示するため審査健全度が比較的高い。,,追加KWPシード（要実測）,KWP未調査。検索数・CPCを推測していない。
協力会社 支払い 運転資金,傭車・外注,協力会社・外注,協力会社等への支払原資,25,20,12,15,未評価,72,未調査,,CPC不明,CPC不明,CPC不明,A,完全一致（KWP確認後にフレーズ追加）,50円,運送会社の下請け・外注支払いの資金ギャップ。,,追加KWPシード（要実測）,KWP未調査。検索数・CPCを推測していない。
協力会社 支払い 資金繰り,傭車・外注,協力会社・外注,協力会社等への支払原資,25,20,12,15,未評価,72,未調査,,CPC不明,CPC不明,CPC不明,A,完全一致（KWP確認後にフレーズ追加）,50円,運送会社の下請け・外注支払いの資金ギャップ。,,追加KWPシード（要実測）,KWP未調査。検索数・CPCを推測していない。
協力会社 支払い 立替,傭車・外注,協力会社・外注,協力会社等への支払原資,25,20,12,15,未評価,72,未調査,,CPC不明,CPC不明,CPC不明,A,完全一致（KWP確認後にフレーズ追加）,50円,運送会社の下請け・外注支払いの資金ギャップ。,,追加KWPシード（要実測）,KWP未調査。検索数・CPCを推測していない。
車両増台 運送会社 先行資金,受注増・成長資金,先行資金,成長に伴う運転資金,25,12,20,15,未評価,72,未調査,,CPC不明,CPC不明,CPC不明,A,完全一致（KWP確認後にフレーズ追加）,50円,仕事の増加に対し人件費・燃料・傭車費が先行する局面。,,追加KWPシード（要実測）,KWP未調査。検索数・CPCを推測していない。
車両増台 運送業 資金,受注増・成長資金,先行資金,成長に伴う運転資金,25,12,20,15,未評価,72,未調査,,CPC不明,CPC不明,CPC不明,A,完全一致（KWP確認後にフレーズ追加）,50円,仕事の増加に対し人件費・燃料・傭車費が先行する局面。,,追加KWPシード（要実測）,KWP未調査。検索数・CPCを推測していない。
車両増台 傭車代 資金,受注増・成長資金,先行資金,成長に伴う運転資金,25,12,20,15,未評価,72,未調査,,CPC不明,CPC不明,CPC不明,A,完全一致（KWP確認後にフレーズ追加）,50円,仕事の増加に対し人件費・燃料・傭車費が先行する局面。,,追加KWPシード（要実測）,KWP未調査。検索数・CPCを推測していない。
新規拠点 傭車代 資金,受注増・成長資金,先行資金,成長に伴う運転資金,25,12,20,15,未評価,72,未調査,,CPC不明,CPC不明,CPC不明,A,完全一致（KWP確認後にフレーズ追加）,50円,仕事の増加に対し人件費・燃料・傭車費が先行する局面。,,追加KWPシード（要実測）,KWP未調査。検索数・CPCを推測していない。
新規路線 運送会社 先行資金,受注増・成長資金,先行資金,成長に伴う運転資金,25,12,20,15,未評価,72,未調査,,CPC不明,CPC不明,CPC不明,A,完全一致（KWP確認後にフレーズ追加）,50円,仕事の増加に対し人件費・燃料・傭車費が先行する局面。,,追加KWPシード（要実測）,KWP未調査。検索数・CPCを推測していない。
新規路線 運送業 資金,受注増・成長資金,先行資金,成長に伴う運転資金,25,12,20,15,未評価,72,未調査,,CPC不明,CPC不明,CPC不明,A,完全一致（KWP確認後にフレーズ追加）,50円,仕事の増加に対し人件費・燃料・傭車費が先行する局面。,,追加KWPシード（要実測）,KWP未調査。検索数・CPCを推測していない。
新規路線 資金 運送会社,受注増・成長資金,運送特化表現,成長に伴う運転資金,25,12,20,15,未評価,72,未調査,,CPC不明,CPC不明,CPC不明,A,完全一致（KWP確認後にフレーズ追加）,50円,成長局面を明示するため審査健全度が比較的高い。,,追加KWPシード（要実測）,KWP未調査。検索数・CPCを推測していない。
新規路線 傭車代 資金,受注増・成長資金,先行資金,成長に伴う運転資金,25,12,20,15,未評価,72,未調査,,CPC不明,CPC不明,CPC不明,A,完全一致（KWP確認後にフレーズ追加）,50円,仕事の増加に対し人件費・燃料・傭車費が先行する局面。,,追加KWPシード（要実測）,KWP未調査。検索数・CPCを推測していない。
大口受注 運送会社 先行資金,受注増・成長資金,先行資金,成長に伴う運転資金,25,12,20,15,未評価,72,未調査,,CPC不明,CPC不明,CPC不明,A,完全一致（KWP確認後にフレーズ追加）,50円,仕事の増加に対し人件費・燃料・傭車費が先行する局面。,,追加KWPシード（要実測）,KWP未調査。検索数・CPCを推測していない。
大口受注 運送業 資金,受注増・成長資金,先行資金,成長に伴う運転資金,25,12,20,15,未評価,72,未調査,,CPC不明,CPC不明,CPC不明,A,完全一致（KWP確認後にフレーズ追加）,50円,仕事の増加に対し人件費・燃料・傭車費が先行する局面。,,追加KWPシード（要実測）,KWP未調査。検索数・CPCを推測していない。
大口受注 傭車代 資金,受注増・成長資金,先行資金,成長に伴う運転資金,25,12,20,15,未評価,72,未調査,,CPC不明,CPC不明,CPC不明,A,完全一致（KWP確認後にフレーズ追加）,50円,仕事の増加に対し人件費・燃料・傭車費が先行する局面。,,追加KWPシード（要実測）,KWP未調査。検索数・CPCを推測していない。
傭車増加 運送会社 運転資金,受注増・成長資金,先行資金,成長に伴う運転資金,25,20,12,15,未評価,72,未調査,,CPC不明,CPC不明,CPC不明,A,完全一致（KWP確認後にフレーズ追加）,50円,仕事の増加に対し人件費・燃料・傭車費が先行する局面。,,追加KWPシード（要実測）,KWP未調査。検索数・CPCを推測していない。
傭車増加 運送会社 資金繰り,受注増・成長資金,先行資金,成長に伴う運転資金,25,20,12,15,未評価,72,未調査,,CPC不明,CPC不明,CPC不明,A,完全一致（KWP確認後にフレーズ追加）,50円,仕事の増加に対し人件費・燃料・傭車費が先行する局面。,,追加KWPシード（要実測）,KWP未調査。検索数・CPCを推測していない。
傭車代 運転資金,傭車・外注,傭車支払,協力会社等への支払原資,25,20,12,15,未評価,72,未調査,,CPC不明,CPC不明,CPC不明,A,完全一致（KWP確認後にフレーズ追加）,50円,運送業の協力会社・傭車支払に直結する業界語。,,追加KWPシード（要実測）,KWP未調査。検索数・CPCを推測していない。
傭車代 支払い,傭車・外注,傭車支払,協力会社等への支払原資,25,20,12,15,未評価,72,未調査,,CPC不明,CPC不明,CPC不明,A,完全一致（KWP確認後にフレーズ追加）,50円,運送業の協力会社・傭車支払に直結する業界語。,,追加KWPシード（要実測）,KWP未調査。検索数・CPCを推測していない。
傭車代 支払い 資金,傭車・外注,傭車支払,協力会社等への支払原資,25,20,12,15,未評価,72,未調査,,CPC不明,CPC不明,CPC不明,A,完全一致（KWP確認後にフレーズ追加）,50円,運送業の協力会社・傭車支払に直結する業界語。,,追加KWPシード（要実測）,KWP未調査。検索数・CPCを推測していない。
傭車代 資金繰り,傭車・外注,傭車支払,協力会社等への支払原資,25,20,12,15,未評価,72,未調査,,CPC不明,CPC不明,CPC不明,A,完全一致（KWP確認後にフレーズ追加）,50円,運送業の協力会社・傭車支払に直結する業界語。,,追加KWPシード（要実測）,KWP未調査。検索数・CPCを推測していない。
傭車代 先払い,傭車・外注,傭車支払,協力会社等への支払原資,25,20,12,15,未評価,72,未調査,,CPC不明,CPC不明,CPC不明,A,完全一致（KWP確認後にフレーズ追加）,50円,運送業の協力会社・傭車支払に直結する業界語。,,追加KWPシード（要実測）,KWP未調査。検索数・CPCを推測していない。
傭車代 立替,傭車・外注,傭車支払,協力会社等への支払原資,25,20,12,15,未評価,72,未調査,,CPC不明,CPC不明,CPC不明,A,完全一致（KWP確認後にフレーズ追加）,50円,運送業の協力会社・傭車支払に直結する業界語。,,追加KWPシード（要実測）,KWP未調査。検索数・CPCを推測していない。
傭車費 運転資金,傭車・外注,傭車支払,協力会社等への支払原資,25,20,12,15,未評価,72,未調査,,CPC不明,CPC不明,CPC不明,A,完全一致（KWP確認後にフレーズ追加）,50円,運送業の協力会社・傭車支払に直結する業界語。,,追加KWPシード（要実測）,KWP未調査。検索数・CPCを推測していない。
傭車費 支払い,傭車・外注,傭車支払,協力会社等への支払原資,25,20,12,15,未評価,72,未調査,,CPC不明,CPC不明,CPC不明,A,完全一致（KWP確認後にフレーズ追加）,50円,運送業の協力会社・傭車支払に直結する業界語。,,追加KWPシード（要実測）,KWP未調査。検索数・CPCを推測していない。
傭車費 支払い 資金,傭車・外注,傭車支払,協力会社等への支払原資,25,20,12,15,未評価,72,未調査,,CPC不明,CPC不明,CPC不明,A,完全一致（KWP確認後にフレーズ追加）,50円,運送業の協力会社・傭車支払に直結する業界語。,,追加KWPシード（要実測）,KWP未調査。検索数・CPCを推測していない。
傭車費 資金繰り,傭車・外注,傭車支払,協力会社等への支払原資,25,20,12,15,未評価,72,未調査,,CPC不明,CPC不明,CPC不明,A,完全一致（KWP確認後にフレーズ追加）,50円,運送業の協力会社・傭車支払に直結する業界語。,,追加KWPシード（要実測）,KWP未調査。検索数・CPCを推測していない。
傭車費 先払い,傭車・外注,傭車支払,協力会社等への支払原資,25,20,12,15,未評価,72,未調査,,CPC不明,CPC不明,CPC不明,A,完全一致（KWP確認後にフレーズ追加）,50円,運送業の協力会社・傭車支払に直結する業界語。,,追加KWPシード（要実測）,KWP未調査。検索数・CPCを推測していない。
傭車費 立替,傭車・外注,傭車支払,協力会社等への支払原資,25,20,12,15,未評価,72,未調査,,CPC不明,CPC不明,CPC不明,A,完全一致（KWP確認後にフレーズ追加）,50円,運送業の協力会社・傭車支払に直結する業界語。,,追加KWPシード（要実測）,KWP未調査。検索数・CPCを推測していない。
庸車代 運転資金,傭車・外注,傭車支払,協力会社等への支払原資,25,20,12,15,未評価,72,未調査,,CPC不明,CPC不明,CPC不明,A,完全一致（KWP確認後にフレーズ追加）,50円,運送業の協力会社・傭車支払に直結する業界語。,,追加KWPシード（要実測）,KWP未調査。検索数・CPCを推測していない。
庸車代 支払い,傭車・外注,傭車支払,協力会社等への支払原資,25,20,12,15,未評価,72,未調査,,CPC不明,CPC不明,CPC不明,A,完全一致（KWP確認後にフレーズ追加）,50円,運送業の協力会社・傭車支払に直結する業界語。,,追加KWPシード（要実測）,KWP未調査。検索数・CPCを推測していない。
庸車代 支払い 資金,傭車・外注,傭車支払,協力会社等への支払原資,25,20,12,15,未評価,72,未調査,,CPC不明,CPC不明,CPC不明,A,完全一致（KWP確認後にフレーズ追加）,50円,運送業の協力会社・傭車支払に直結する業界語。,,追加KWPシード（要実測）,KWP未調査。検索数・CPCを推測していない。
庸車代 資金繰り,傭車・外注,傭車支払,協力会社等への支払原資,25,20,12,15,未評価,72,未調査,,CPC不明,CPC不明,CPC不明,A,完全一致（KWP確認後にフレーズ追加）,50円,運送業の協力会社・傭車支払に直結する業界語。,,追加KWPシード（要実測）,KWP未調査。検索数・CPCを推測していない。
庸車代 先払い,傭車・外注,傭車支払,協力会社等への支払原資,25,20,12,15,未評価,72,未調査,,CPC不明,CPC不明,CPC不明,A,完全一致（KWP確認後にフレーズ追加）,50円,運送業の協力会社・傭車支払に直結する業界語。,,追加KWPシード（要実測）,KWP未調査。検索数・CPCを推測していない。
庸車代 立替,傭車・外注,傭車支払,協力会社等への支払原資,25,20,12,15,未評価,72,未調査,,CPC不明,CPC不明,CPC不明,A,完全一致（KWP確認後にフレーズ追加）,50円,運送業の協力会社・傭車支払に直結する業界語。,,追加KWPシード（要実測）,KWP未調査。検索数・CPCを推測していない。
庸車費 運転資金,傭車・外注,傭車支払,協力会社等への支払原資,25,20,12,15,未評価,72,未調査,,CPC不明,CPC不明,CPC不明,A,完全一致（KWP確認後にフレーズ追加）,50円,運送業の協力会社・傭車支払に直結する業界語。,,追加KWPシード（要実測）,KWP未調査。検索数・CPCを推測していない。
庸車費 支払い,傭車・外注,傭車支払,協力会社等への支払原資,25,20,12,15,未評価,72,未調査,,CPC不明,CPC不明,CPC不明,A,完全一致（KWP確認後にフレーズ追加）,50円,運送業の協力会社・傭車支払に直結する業界語。,,追加KWPシード（要実測）,KWP未調査。検索数・CPCを推測していない。
庸車費 支払い 資金,傭車・外注,傭車支払,協力会社等への支払原資,25,20,12,15,未評価,72,未調査,,CPC不明,CPC不明,CPC不明,A,完全一致（KWP確認後にフレーズ追加）,50円,運送業の協力会社・傭車支払に直結する業界語。,,追加KWPシード（要実測）,KWP未調査。検索数・CPCを推測していない。
庸車費 資金繰り,傭車・外注,傭車支払,協力会社等への支払原資,25,20,12,15,未評価,72,未調査,,CPC不明,CPC不明,CPC不明,A,完全一致（KWP確認後にフレーズ追加）,50円,運送業の協力会社・傭車支払に直結する業界語。,,追加KWPシード（要実測）,KWP未調査。検索数・CPCを推測していない。
庸車費 先払い,傭車・外注,傭車支払,協力会社等への支払原資,25,20,12,15,未評価,72,未調査,,CPC不明,CPC不明,CPC不明,A,完全一致（KWP確認後にフレーズ追加）,50円,運送業の協力会社・傭車支払に直結する業界語。,,追加KWPシード（要実測）,KWP未調査。検索数・CPCを推測していない。
庸車費 立替,傭車・外注,傭車支払,協力会社等への支払原資,25,20,12,15,未評価,72,未調査,,CPC不明,CPC不明,CPC不明,A,完全一致（KWP確認後にフレーズ追加）,50円,運送業の協力会社・傭車支払に直結する業界語。,,追加KWPシード（要実測）,KWP未調査。検索数・CPCを推測していない。
AdBlue 運送会社 支払い 入金前,燃料・ETC,カード・引落,燃料・通行費の支払資金,25,25,6,15,未評価,71,未調査,,CPC不明,CPC不明,CPC不明,A,完全一致（KWP確認後にフレーズ追加）,50円,後払いカード・高速料金の支払期日と入金ギャップ。,,追加KWPシード（要実測）,KWP未調査。検索数・CPCを推測していない。
運送会社 入金前 支払い,入金ギャップ,運送会社明示,入金前の支払資金,25,25,6,15,未評価,71,未調査,,CPC不明,CPC不明,CPC不明,A,完全一致（KWP確認後にフレーズ追加）,50円,運送会社を明示した回収サイト起点の資金不足。,,追加KWPシード（要実測）,KWP未調査。検索数・CPCを推測していない。
運送会社 入金待ち 資金繰り,入金ギャップ,運送会社明示,入金前の支払資金,25,25,6,15,未評価,71,未調査,,CPC不明,CPC不明,CPC不明,A,完全一致（KWP確認後にフレーズ追加）,50円,運送会社を明示した回収サイト起点の資金不足。,,追加KWPシード（要実測）,KWP未調査。検索数・CPCを推測していない。
運送会社 売掛金 入金前 資金,入金ギャップ,運送会社明示,入金前の支払資金,25,25,6,15,未評価,71,未調査,,CPC不明,CPC不明,CPC不明,A,完全一致（KWP確認後にフレーズ追加）,50円,運送会社を明示した回収サイト起点の資金不足。,,追加KWPシード（要実測）,KWP未調査。検索数・CPCを推測していない。
運賃 入金 入金前 支払い,入金ギャップ,荷主・元請・売掛金,入金前の支払資金,25,25,6,15,未評価,71,未調査,,CPC不明,CPC不明,CPC不明,A,完全一致（KWP確認後にフレーズ追加）,50円,荷主・元請からの入金と先払いコストのズレ。,会計・契約条件の情報収集,追加KWPシード（要実測）,KWP未調査。検索数・CPCを推測していない。
運賃 入金 入金前 資金,入金ギャップ,荷主・元請・売掛金,入金前の支払資金,25,25,6,15,未評価,71,未調査,,CPC不明,CPC不明,CPC不明,A,完全一致（KWP確認後にフレーズ追加）,50円,荷主・元請からの入金と先払いコストのズレ。,会計・契約条件の情報収集,追加KWPシード（要実測）,KWP未調査。検索数・CPCを推測していない。
運賃 入金 入金待ち,入金ギャップ,荷主・元請・売掛金,入金前の支払資金,25,25,6,15,未評価,71,未調査,,CPC不明,CPC不明,CPC不明,A,完全一致（KWP確認後にフレーズ追加）,50円,荷主・元請からの入金と先払いコストのズレ。,会計・契約条件の情報収集,追加KWPシード（要実測）,KWP未調査。検索数・CPCを推測していない。
運賃 入金前 支払い,KWP再調査優先,短い業界シード,関連候補の発見,25,25,6,15,未評価,71,未調査,,CPC不明,CPC不明,CPC不明,A,完全一致（KWP確認後にフレーズ追加）,50円,短い種語または高意図の自然文。単独出稿可否はKWP関連候補と検索語句で確認する。,短い種語は説明・会計意図も混在する,追加KWPシード（要実測）,KWP未調査。検索数・CPCを推測していない。
荷主 入金 入金前 支払い,入金ギャップ,荷主・元請・売掛金,入金前の支払資金,25,25,6,15,未評価,71,未調査,,CPC不明,CPC不明,CPC不明,A,完全一致（KWP確認後にフレーズ追加）,50円,荷主・元請からの入金と先払いコストのズレ。,会計・契約条件の情報収集,追加KWPシード（要実測）,KWP未調査。検索数・CPCを推測していない。
荷主 入金 入金前 資金,入金ギャップ,荷主・元請・売掛金,入金前の支払資金,25,25,6,15,未評価,71,未調査,,CPC不明,CPC不明,CPC不明,A,完全一致（KWP確認後にフレーズ追加）,50円,荷主・元請からの入金と先払いコストのズレ。,会計・契約条件の情報収集,追加KWPシード（要実測）,KWP未調査。検索数・CPCを推測していない。
荷主 入金 入金待ち,入金ギャップ,荷主・元請・売掛金,入金前の支払資金,25,25,6,15,未評価,71,未調査,,CPC不明,CPC不明,CPC不明,A,完全一致（KWP確認後にフレーズ追加）,50円,荷主・元請からの入金と先払いコストのズレ。,会計・契約条件の情報収集,追加KWPシード（要実測）,KWP未調査。検索数・CPCを推測していない。
元請 入金 入金前 支払い,入金ギャップ,荷主・元請・売掛金,入金前の支払資金,25,25,6,15,未評価,71,未調査,,CPC不明,CPC不明,CPC不明,A,完全一致（KWP確認後にフレーズ追加）,50円,荷主・元請からの入金と先払いコストのズレ。,会計・契約条件の情報収集,追加KWPシード（要実測）,KWP未調査。検索数・CPCを推測していない。
元請 入金 入金前 資金,入金ギャップ,荷主・元請・売掛金,入金前の支払資金,25,25,6,15,未評価,71,未調査,,CPC不明,CPC不明,CPC不明,A,完全一致（KWP確認後にフレーズ追加）,50円,荷主・元請からの入金と先払いコストのズレ。,会計・契約条件の情報収集,追加KWPシード（要実測）,KWP未調査。検索数・CPCを推測していない。
元請 入金 入金待ち,入金ギャップ,荷主・元請・売掛金,入金前の支払資金,25,25,6,15,未評価,71,未調査,,CPC不明,CPC不明,CPC不明,A,完全一致（KWP確認後にフレーズ追加）,50円,荷主・元請からの入金と先払いコストのズレ。,会計・契約条件の情報収集,追加KWPシード（要実測）,KWP未調査。検索数・CPCを推測していない。
高速料金 運送会社 支払い 入金前,燃料・ETC,カード・引落,燃料・通行費の支払資金,25,25,6,15,未評価,71,未調査,,CPC不明,CPC不明,CPC不明,A,完全一致（KWP確認後にフレーズ追加）,50円,後払いカード・高速料金の支払期日と入金ギャップ。,,追加KWPシード（要実測）,KWP未調査。検索数・CPCを推測していない。
受注増 運送会社 資金不足,受注増・成長資金,先行資金,成長に伴う運転資金,25,25,6,15,未評価,71,未調査,,CPC不明,CPC不明,CPC不明,A,完全一致（KWP確認後にフレーズ追加）,50円,仕事の増加に対し人件費・燃料・傭車費が先行する局面。,,追加KWPシード（要実測）,KWP未調査。検索数・CPCを推測していない。
新規荷主 運送会社 資金不足,受注増・成長資金,先行資金,成長に伴う運転資金,25,25,6,15,未評価,71,未調査,,CPC不明,CPC不明,CPC不明,A,完全一致（KWP確認後にフレーズ追加）,50円,仕事の増加に対し人件費・燃料・傭車費が先行する局面。,,追加KWPシード（要実測）,KWP未調査。検索数・CPCを推測していない。
新規受注 運送会社 資金不足,受注増・成長資金,先行資金,成長に伴う運転資金,25,25,6,15,未評価,71,未調査,,CPC不明,CPC不明,CPC不明,A,完全一致（KWP確認後にフレーズ追加）,50円,仕事の増加に対し人件費・燃料・傭車費が先行する局面。,,追加KWPシード（要実測）,KWP未調査。検索数・CPCを推測していない。
増便 運送会社 資金不足,受注増・成長資金,先行資金,成長に伴う運転資金,25,25,6,15,未評価,71,未調査,,CPC不明,CPC不明,CPC不明,A,完全一致（KWP確認後にフレーズ追加）,50円,仕事の増加に対し人件費・燃料・傭車費が先行する局面。,,追加KWPシード（要実測）,KWP未調査。検索数・CPCを推測していない。
入金前 支払い 運送会社,既存配信監査,既存設定,既存Google広告キーワード,25,25,6,15,未評価,71,未調査,,CPC不明,CPC不明,CPC不明,A,完全一致（KWP確認後にフレーズ追加）,50円,既存設定との差分・重複を確認するために記録。,,追加KWPシード（要実測）,KWP未調査。検索数・CPCを推測していない。
尿素水 運送会社 支払い 入金前,燃料・ETC,カード・引落,燃料・通行費の支払資金,25,25,6,15,未評価,71,未調査,,CPC不明,CPC不明,CPC不明,A,完全一致（KWP確認後にフレーズ追加）,50円,後払いカード・高速料金の支払期日と入金ギャップ。,,追加KWPシード（要実測）,KWP未調査。検索数・CPCを推測していない。
繁忙期 運送会社 資金不足,受注増・成長資金,先行資金,成長に伴う運転資金,25,25,6,15,未評価,71,未調査,,CPC不明,CPC不明,CPC不明,A,完全一致（KWP確認後にフレーズ追加）,50円,仕事の増加に対し人件費・燃料・傭車費が先行する局面。,,追加KWPシード（要実測）,KWP未調査。検索数・CPCを推測していない。
ダンプ リース 審査 通らない,車両導入・増車,ローン・リース否決,車両導入の代替資金,15,25,20,10,未評価,70,未調査,,CPC不明,CPC不明,CPC不明,A,完全一致（KWP確認後にフレーズ追加）,50円,車両が必要で既存金融手段に失敗した可能性。,個人購入・販売店意図の混入,追加KWPシード（要実測）,KWP未調査。検索数・CPCを推測していない。
ダンプ ローン 審査 通らない,車両導入・増車,ローン・リース否決,車両導入の代替資金,15,25,20,10,未評価,70,未調査,,CPC不明,CPC不明,CPC不明,A,完全一致（KWP確認後にフレーズ追加）,50円,車両が必要で既存金融手段に失敗した可能性。,個人購入・販売店意図の混入,追加KWPシード（要実測）,KWP未調査。検索数・CPCを推測していない。
ダンプ 頭金 足りない,車両導入・増車,購入・頭金・増車,車両導入の先行資金,15,25,20,10,未評価,70,未調査,,CPC不明,CPC不明,CPC不明,A,完全一致（KWP確認後にフレーズ追加）,50円,車両購入・増車は300万円以上の資金需要へつながりやすい。,個人購入・販売店意図の混入,追加KWPシード（要実測）,KWP未調査。検索数・CPCを推測していない。
トラック リース 審査 通らない,車両導入・増車,ローン・リース否決,車両導入の代替資金,15,25,20,10,未評価,70,未調査,,CPC不明,CPC不明,CPC不明,A,完全一致（KWP確認後にフレーズ追加）,50円,車両が必要で既存金融手段に失敗した可能性。,個人購入・販売店意図の混入,追加KWPシード（要実測）,KWP未調査。検索数・CPCを推測していない。
トラック ローン 審査 通らない,車両導入・増車,ローン・リース否決,車両導入の代替資金,15,25,20,10,未評価,70,未調査,,CPC不明,CPC不明,CPC不明,A,完全一致（KWP確認後にフレーズ追加）,50円,車両が必要で既存金融手段に失敗した可能性。,個人購入・販売店意図の混入,追加KWPシード（要実測）,KWP未調査。検索数・CPCを推測していない。
トレーラー リース 審査 通らない,車両導入・増車,ローン・リース否決,車両導入の代替資金,15,25,20,10,未評価,70,未調査,,CPC不明,CPC不明,CPC不明,A,完全一致（KWP確認後にフレーズ追加）,50円,車両が必要で既存金融手段に失敗した可能性。,個人購入・販売店意図の混入,追加KWPシード（要実測）,KWP未調査。検索数・CPCを推測していない。
トレーラー ローン 審査 通らない,車両導入・増車,ローン・リース否決,車両導入の代替資金,15,25,20,10,未評価,70,未調査,,CPC不明,CPC不明,CPC不明,A,完全一致（KWP確認後にフレーズ追加）,50円,車両が必要で既存金融手段に失敗した可能性。,個人購入・販売店意図の混入,追加KWPシード（要実測）,KWP未調査。検索数・CPCを推測していない。
トレーラー 修理代 一括 払えない,修理・事故・稼働停止,修理費支払,稼働継続の緊急資金,15,25,20,10,未評価,70,未調査,,CPC不明,CPC不明,CPC不明,A,完全一致（KWP確認後にフレーズ追加）,50円,稼働停止回避・高額修理の資金需要。,修理業者探し・工賃相場の混入,追加KWPシード（要実測）,KWP未調査。検索数・CPCを推測していない。
トレーラー 修理費 払えない,修理・事故・稼働停止,修理費支払,稼働継続の緊急資金,15,25,20,10,未評価,70,未調査,,CPC不明,CPC不明,CPC不明,A,完全一致（KWP確認後にフレーズ追加）,50円,稼働停止回避・高額修理の資金需要。,修理業者探し・工賃相場の混入,追加KWPシード（要実測）,KWP未調査。検索数・CPCを推測していない。
トレーラー 頭金 足りない,車両導入・増車,購入・頭金・増車,車両導入の先行資金,15,25,20,10,未評価,70,未調査,,CPC不明,CPC不明,CPC不明,A,完全一致（KWP確認後にフレーズ追加）,50円,車両購入・増車は300万円以上の資金需要へつながりやすい。,個人購入・販売店意図の混入,追加KWPシード（要実測）,KWP未調査。検索数・CPCを推測していない。
運送会社 外注費 支払い 間に合わない,傭車・外注,協力会社・外注,協力会社等への支払原資,25,25,12,8,未評価,70,未調査,,CPC不明,CPC不明,CPC不明,A,完全一致（KWP確認後にフレーズ追加）,50円,運送会社の下請け・外注支払いの資金ギャップ。,,追加KWPシード（要実測）,KWP未調査。検索数・CPCを推測していない。
運送会社 外注費 支払い 資金不足,傭車・外注,協力会社・外注,協力会社等への支払原資,25,25,12,8,未評価,70,未調査,,CPC不明,CPC不明,CPC不明,A,完全一致（KWP確認後にフレーズ追加）,50円,運送会社の下請け・外注支払いの資金ギャップ。,,追加KWPシード（要実測）,KWP未調査。検索数・CPCを推測していない。
運送会社 外注費 支払い 払えない,傭車・外注,協力会社・外注,協力会社等への支払原資,25,25,12,8,未評価,70,未調査,,CPC不明,CPC不明,CPC不明,A,完全一致（KWP確認後にフレーズ追加）,50円,運送会社の下請け・外注支払いの資金ギャップ。,,追加KWPシード（要実測）,KWP未調査。検索数・CPCを推測していない。
事業用車両 ローン 審査 通らない,車両導入・増車,法人フィルター,車両導入の代替資金,15,25,20,10,未評価,70,未調査,,CPC不明,CPC不明,CPC不明,A,完全一致（KWP確認後にフレーズ追加）,50円,法人・事業用を明示し個人購入を抑える。,,追加KWPシード（要実測）,KWP未調査。検索数・CPCを推測していない。
大型トラック リース 審査 通らない,車両導入・増車,ローン・リース否決,車両導入の代替資金,15,25,20,10,未評価,70,未調査,,CPC不明,CPC不明,CPC不明,A,完全一致（KWP確認後にフレーズ追加）,50円,車両が必要で既存金融手段に失敗した可能性。,個人購入・販売店意図の混入,追加KWPシード（要実測）,KWP未調査。検索数・CPCを推測していない。
大型トラック ローン 審査 通らない,車両導入・増車,ローン・リース否決,車両導入の代替資金,15,25,20,10,未評価,70,未調査,,CPC不明,CPC不明,CPC不明,A,完全一致（KWP確認後にフレーズ追加）,50円,車両が必要で既存金融手段に失敗した可能性。,個人購入・販売店意図の混入,追加KWPシード（要実測）,KWP未調査。検索数・CPCを推測していない。
大型トラック 修理代 一括 払えない,修理・事故・稼働停止,修理費支払,稼働継続の緊急資金,15,25,20,10,未評価,70,未調査,,CPC不明,CPC不明,CPC不明,A,完全一致（KWP確認後にフレーズ追加）,50円,稼働停止回避・高額修理の資金需要。,修理業者探し・工賃相場の混入,追加KWPシード（要実測）,KWP未調査。検索数・CPCを推測していない。
大型トラック 修理費 払えない,修理・事故・稼働停止,修理費支払,稼働継続の緊急資金,15,25,20,10,未評価,70,未調査,,CPC不明,CPC不明,CPC不明,A,完全一致（KWP確認後にフレーズ追加）,50円,稼働停止回避・高額修理の資金需要。,修理業者探し・工賃相場の混入,追加KWPシード（要実測）,KWP未調査。検索数・CPCを推測していない。
大型トラック 頭金 足りない,車両導入・増車,購入・頭金・増車,車両導入の先行資金,15,25,20,10,未評価,70,未調査,,CPC不明,CPC不明,CPC不明,A,完全一致（KWP確認後にフレーズ追加）,50円,車両購入・増車は300万円以上の資金需要へつながりやすい。,個人購入・販売店意図の混入,追加KWPシード（要実測）,KWP未調査。検索数・CPCを推測していない。
中古トラック リース 審査 通らない,車両導入・増車,ローン・リース否決,車両導入の代替資金,15,25,20,10,未評価,70,未調査,,CPC不明,CPC不明,CPC不明,A,完全一致（KWP確認後にフレーズ追加）,50円,車両が必要で既存金融手段に失敗した可能性。,個人購入・販売店意図の混入,追加KWPシード（要実測）,KWP未調査。検索数・CPCを推測していない。
中古トラック ローン 審査 通らない,車両導入・増車,ローン・リース否決,車両導入の代替資金,15,25,20,10,未評価,70,未調査,,CPC不明,CPC不明,CPC不明,A,完全一致（KWP確認後にフレーズ追加）,50円,車両が必要で既存金融手段に失敗した可能性。,個人購入・販売店意図の混入,追加KWPシード（要実測）,KWP未調査。検索数・CPCを推測していない。
物流車両 リース 審査 通らない,車両導入・増車,ローン・リース否決,車両導入の代替資金,15,25,20,10,未評価,70,未調査,,CPC不明,CPC不明,CPC不明,A,完全一致（KWP確認後にフレーズ追加）,50円,車両が必要で既存金融手段に失敗した可能性。,個人購入・販売店意図の混入,追加KWPシード（要実測）,KWP未調査。検索数・CPCを推測していない。
物流車両 ローン 審査 通らない,車両導入・増車,ローン・リース否決,車両導入の代替資金,15,25,20,10,未評価,70,未調査,,CPC不明,CPC不明,CPC不明,A,完全一致（KWP確認後にフレーズ追加）,50円,車両が必要で既存金融手段に失敗した可能性。,個人購入・販売店意図の混入,追加KWPシード（要実測）,KWP未調査。検索数・CPCを推測していない。
平ボディ トラック リース 審査 通らない,車両導入・増車,ローン・リース否決,車両導入の代替資金,15,25,20,10,未評価,70,未調査,,CPC不明,CPC不明,CPC不明,A,完全一致（KWP確認後にフレーズ追加）,50円,車両が必要で既存金融手段に失敗した可能性。,個人購入・販売店意図の混入,追加KWPシード（要実測）,KWP未調査。検索数・CPCを推測していない。
平ボディ トラック ローン 審査 通らない,車両導入・増車,ローン・リース否決,車両導入の代替資金,15,25,20,10,未評価,70,未調査,,CPC不明,CPC不明,CPC不明,A,完全一致（KWP確認後にフレーズ追加）,50円,車両が必要で既存金融手段に失敗した可能性。,個人購入・販売店意図の混入,追加KWPシード（要実測）,KWP未調査。検索数・CPCを推測していない。
法人 トラック リース 審査 通らない,車両導入・増車,法人フィルター,車両導入の代替資金,15,25,20,10,未評価,70,未調査,,CPC不明,CPC不明,CPC不明,A,完全一致（KWP確認後にフレーズ追加）,50円,法人・事業用を明示し個人購入を抑える。,,追加KWPシード（要実測）,KWP未調査。検索数・CPCを推測していない。
法人 トラック ローン 審査 通らない,車両導入・増車,法人フィルター,車両導入の代替資金,15,25,20,10,未評価,70,未調査,,CPC不明,CPC不明,CPC不明,A,完全一致（KWP確認後にフレーズ追加）,50円,法人・事業用を明示し個人購入を抑える。,,追加KWPシード（要実測）,KWP未調査。検索数・CPCを推測していない。
法人 車両ローン 審査 通らない,車両導入・増車,法人フィルター,車両導入の代替資金,15,25,20,10,未評価,70,未調査,,CPC不明,CPC不明,CPC不明,A,完全一致（KWP確認後にフレーズ追加）,50円,法人・事業用を明示し個人購入を抑える。,,追加KWPシード（要実測）,KWP未調査。検索数・CPCを推測していない。
冷凍車 リース 審査 通らない,車両導入・増車,ローン・リース否決,車両導入の代替資金,15,25,20,10,未評価,70,未調査,,CPC不明,CPC不明,CPC不明,A,完全一致（KWP確認後にフレーズ追加）,50円,車両が必要で既存金融手段に失敗した可能性。,個人購入・販売店意図の混入,追加KWPシード（要実測）,KWP未調査。検索数・CPCを推測していない。
冷凍車 ローン 審査 通らない,車両導入・増車,ローン・リース否決,車両導入の代替資金,15,25,20,10,未評価,70,未調査,,CPC不明,CPC不明,CPC不明,A,完全一致（KWP確認後にフレーズ追加）,50円,車両が必要で既存金融手段に失敗した可能性。,個人購入・販売店意図の混入,追加KWPシード（要実測）,KWP未調査。検索数・CPCを推測していない。
冷凍車 修理代 一括 払えない,修理・事故・稼働停止,修理費支払,稼働継続の緊急資金,15,25,20,10,未評価,70,未調査,,CPC不明,CPC不明,CPC不明,A,完全一致（KWP確認後にフレーズ追加）,50円,稼働停止回避・高額修理の資金需要。,修理業者探し・工賃相場の混入,追加KWPシード（要実測）,KWP未調査。検索数・CPCを推測していない。
冷凍車 修理費 払えない,修理・事故・稼働停止,修理費支払,稼働継続の緊急資金,15,25,20,10,未評価,70,未調査,,CPC不明,CPC不明,CPC不明,A,完全一致（KWP確認後にフレーズ追加）,50円,稼働停止回避・高額修理の資金需要。,修理業者探し・工賃相場の混入,追加KWPシード（要実測）,KWP未調査。検索数・CPCを推測していない。
冷凍車 頭金 足りない,車両導入・増車,購入・頭金・増車,車両導入の先行資金,15,25,20,10,未評価,70,未調査,,CPC不明,CPC不明,CPC不明,A,完全一致（KWP確認後にフレーズ追加）,50円,車両購入・増車は300万円以上の資金需要へつながりやすい。,個人購入・販売店意図の混入,追加KWPシード（要実測）,KWP未調査。検索数・CPCを推測していない。
ダンプ リース 審査 落ち,車両導入・増車,ローン・リース否決,車両導入の代替資金,15,25,20,8,未評価,68,未調査,,CPC不明,CPC不明,CPC不明,A,完全一致（KWP確認後にフレーズ追加）,50円,車両が必要で既存金融手段に失敗した可能性。,個人購入・販売店意図の混入,追加KWPシード（要実測）,KWP未調査。検索数・CPCを推測していない。
ダンプ リース 組めない,車両導入・増車,ローン・リース否決,車両導入の代替資金,15,25,20,8,未評価,68,未調査,,CPC不明,CPC不明,CPC不明,A,完全一致（KWP確認後にフレーズ追加）,50円,車両が必要で既存金融手段に失敗した可能性。,個人購入・販売店意図の混入,追加KWPシード（要実測）,KWP未調査。検索数・CPCを推測していない。
ダンプ ローン 審査 落ち,車両導入・増車,ローン・リース否決,車両導入の代替資金,15,25,20,8,未評価,68,未調査,,CPC不明,CPC不明,CPC不明,A,完全一致（KWP確認後にフレーズ追加）,50円,車両が必要で既存金融手段に失敗した可能性。,個人購入・販売店意図の混入,追加KWPシード（要実測）,KWP未調査。検索数・CPCを推測していない。
ダンプ ローン 組めない,車両導入・増車,ローン・リース否決,車両導入の代替資金,15,25,20,8,未評価,68,未調査,,CPC不明,CPC不明,CPC不明,A,完全一致（KWP確認後にフレーズ追加）,50円,車両が必要で既存金融手段に失敗した可能性。,個人購入・販売店意図の混入,追加KWPシード（要実測）,KWP未調査。検索数・CPCを推測していない。
ダンプ ローン 否決,車両導入・増車,ローン・リース否決,車両導入の代替資金,15,25,20,8,未評価,68,未調査,,CPC不明,CPC不明,CPC不明,A,完全一致（KWP確認後にフレーズ追加）,50円,車両が必要で既存金融手段に失敗した可能性。,個人購入・販売店意図の混入,追加KWPシード（要実測）,KWP未調査。検索数・CPCを推測していない。
トラック リース 審査 落ち,車両導入・増車,ローン・リース否決,車両導入の代替資金,15,25,20,8,未評価,68,未調査,,CPC不明,CPC不明,CPC不明,A,完全一致（KWP確認後にフレーズ追加）,50円,車両が必要で既存金融手段に失敗した可能性。,個人購入・販売店意図の混入,追加KWPシード（要実測）,KWP未調査。検索数・CPCを推測していない。
トラック リース 組めない,車両導入・増車,ローン・リース否決,車両導入の代替資金,15,25,20,8,未評価,68,未調査,,CPC不明,CPC不明,CPC不明,A,完全一致（KWP確認後にフレーズ追加）,50円,車両が必要で既存金融手段に失敗した可能性。,個人購入・販売店意図の混入,追加KWPシード（要実測）,KWP未調査。検索数・CPCを推測していない。
トラック ローン 審査 落ち,車両導入・増車,ローン・リース否決,車両導入の代替資金,15,25,20,8,未評価,68,未調査,,CPC不明,CPC不明,CPC不明,A,完全一致（KWP確認後にフレーズ追加）,50円,車両が必要で既存金融手段に失敗した可能性。,個人購入・販売店意図の混入,追加KWPシード（要実測）,KWP未調査。検索数・CPCを推測していない。
トラック ローン 組めない,車両導入・増車,ローン・リース否決,車両導入の代替資金,15,25,20,8,未評価,68,未調査,,CPC不明,CPC不明,CPC不明,A,完全一致（KWP確認後にフレーズ追加）,50円,車両が必要で既存金融手段に失敗した可能性。,個人購入・販売店意図の混入,追加KWPシード（要実測）,KWP未調査。検索数・CPCを推測していない。
トラック ローン 否決,車両導入・増車,ローン・リース否決,車両導入の代替資金,15,25,20,8,未評価,68,未調査,,CPC不明,CPC不明,CPC不明,A,完全一致（KWP確認後にフレーズ追加）,50円,車両が必要で既存金融手段に失敗した可能性。,個人購入・販売店意図の混入,追加KWPシード（要実測）,KWP未調査。検索数・CPCを推測していない。
トレーラー リース 審査 落ち,車両導入・増車,ローン・リース否決,車両導入の代替資金,15,25,20,8,未評価,68,未調査,,CPC不明,CPC不明,CPC不明,A,完全一致（KWP確認後にフレーズ追加）,50円,車両が必要で既存金融手段に失敗した可能性。,個人購入・販売店意図の混入,追加KWPシード（要実測）,KWP未調査。検索数・CPCを推測していない。
トレーラー リース 組めない,車両導入・増車,ローン・リース否決,車両導入の代替資金,15,25,20,8,未評価,68,未調査,,CPC不明,CPC不明,CPC不明,A,完全一致（KWP確認後にフレーズ追加）,50円,車両が必要で既存金融手段に失敗した可能性。,個人購入・販売店意図の混入,追加KWPシード（要実測）,KWP未調査。検索数・CPCを推測していない。
トレーラー ローン 審査 落ち,車両導入・増車,ローン・リース否決,車両導入の代替資金,15,25,20,8,未評価,68,未調査,,CPC不明,CPC不明,CPC不明,A,完全一致（KWP確認後にフレーズ追加）,50円,車両が必要で既存金融手段に失敗した可能性。,個人購入・販売店意図の混入,追加KWPシード（要実測）,KWP未調査。検索数・CPCを推測していない。
トレーラー ローン 組めない,車両導入・増車,ローン・リース否決,車両導入の代替資金,15,25,20,8,未評価,68,未調査,,CPC不明,CPC不明,CPC不明,A,完全一致（KWP確認後にフレーズ追加）,50円,車両が必要で既存金融手段に失敗した可能性。,個人購入・販売店意図の混入,追加KWPシード（要実測）,KWP未調査。検索数・CPCを推測していない。
トレーラー ローン 否決,車両導入・増車,ローン・リース否決,車両導入の代替資金,15,25,20,8,未評価,68,未調査,,CPC不明,CPC不明,CPC不明,A,完全一致（KWP確認後にフレーズ追加）,50円,車両が必要で既存金融手段に失敗した可能性。,個人購入・販売店意図の混入,追加KWPシード（要実測）,KWP未調査。検索数・CPCを推測していない。
大型トラック リース 審査 落ち,車両導入・増車,ローン・リース否決,車両導入の代替資金,15,25,20,8,未評価,68,未調査,,CPC不明,CPC不明,CPC不明,A,完全一致（KWP確認後にフレーズ追加）,50円,車両が必要で既存金融手段に失敗した可能性。,個人購入・販売店意図の混入,追加KWPシード（要実測）,KWP未調査。検索数・CPCを推測していない。
大型トラック リース 組めない,車両導入・増車,ローン・リース否決,車両導入の代替資金,15,25,20,8,未評価,68,未調査,,CPC不明,CPC不明,CPC不明,A,完全一致（KWP確認後にフレーズ追加）,50円,車両が必要で既存金融手段に失敗した可能性。,個人購入・販売店意図の混入,追加KWPシード（要実測）,KWP未調査。検索数・CPCを推測していない。
大型トラック ローン 審査 落ち,車両導入・増車,ローン・リース否決,車両導入の代替資金,15,25,20,8,未評価,68,未調査,,CPC不明,CPC不明,CPC不明,A,完全一致（KWP確認後にフレーズ追加）,50円,車両が必要で既存金融手段に失敗した可能性。,個人購入・販売店意図の混入,追加KWPシード（要実測）,KWP未調査。検索数・CPCを推測していない。
大型トラック ローン 組めない,車両導入・増車,ローン・リース否決,車両導入の代替資金,15,25,20,8,未評価,68,未調査,,CPC不明,CPC不明,CPC不明,A,完全一致（KWP確認後にフレーズ追加）,50円,車両が必要で既存金融手段に失敗した可能性。,個人購入・販売店意図の混入,追加KWPシード（要実測）,KWP未調査。検索数・CPCを推測していない。
大型トラック ローン 否決,車両導入・増車,ローン・リース否決,車両導入の代替資金,15,25,20,8,未評価,68,未調査,,CPC不明,CPC不明,CPC不明,A,完全一致（KWP確認後にフレーズ追加）,50円,車両が必要で既存金融手段に失敗した可能性。,個人購入・販売店意図の混入,追加KWPシード（要実測）,KWP未調査。検索数・CPCを推測していない。
中古トラック リース 審査 落ち,車両導入・増車,ローン・リース否決,車両導入の代替資金,15,25,20,8,未評価,68,未調査,,CPC不明,CPC不明,CPC不明,A,完全一致（KWP確認後にフレーズ追加）,50円,車両が必要で既存金融手段に失敗した可能性。,個人購入・販売店意図の混入,追加KWPシード（要実測）,KWP未調査。検索数・CPCを推測していない。
中古トラック リース 組めない,車両導入・増車,ローン・リース否決,車両導入の代替資金,15,25,20,8,未評価,68,未調査,,CPC不明,CPC不明,CPC不明,A,完全一致（KWP確認後にフレーズ追加）,50円,車両が必要で既存金融手段に失敗した可能性。,個人購入・販売店意図の混入,追加KWPシード（要実測）,KWP未調査。検索数・CPCを推測していない。
中古トラック ローン 審査 落ち,車両導入・増車,ローン・リース否決,車両導入の代替資金,15,25,20,8,未評価,68,未調査,,CPC不明,CPC不明,CPC不明,A,完全一致（KWP確認後にフレーズ追加）,50円,車両が必要で既存金融手段に失敗した可能性。,個人購入・販売店意図の混入,追加KWPシード（要実測）,KWP未調査。検索数・CPCを推測していない。
中古トラック ローン 組めない,車両導入・増車,ローン・リース否決,車両導入の代替資金,15,25,20,8,未評価,68,未調査,,CPC不明,CPC不明,CPC不明,A,完全一致（KWP確認後にフレーズ追加）,50円,車両が必要で既存金融手段に失敗した可能性。,個人購入・販売店意図の混入,追加KWPシード（要実測）,KWP未調査。検索数・CPCを推測していない。
中古トラック ローン 否決,車両導入・増車,ローン・リース否決,車両導入の代替資金,15,25,20,8,未評価,68,未調査,,CPC不明,CPC不明,CPC不明,A,完全一致（KWP確認後にフレーズ追加）,50円,車両が必要で既存金融手段に失敗した可能性。,個人購入・販売店意図の混入,追加KWPシード（要実測）,KWP未調査。検索数・CPCを推測していない。
物流車両 リース 審査 落ち,車両導入・増車,ローン・リース否決,車両導入の代替資金,15,25,20,8,未評価,68,未調査,,CPC不明,CPC不明,CPC不明,A,完全一致（KWP確認後にフレーズ追加）,50円,車両が必要で既存金融手段に失敗した可能性。,個人購入・販売店意図の混入,追加KWPシード（要実測）,KWP未調査。検索数・CPCを推測していない。
物流車両 リース 組めない,車両導入・増車,ローン・リース否決,車両導入の代替資金,15,25,20,8,未評価,68,未調査,,CPC不明,CPC不明,CPC不明,A,完全一致（KWP確認後にフレーズ追加）,50円,車両が必要で既存金融手段に失敗した可能性。,個人購入・販売店意図の混入,追加KWPシード（要実測）,KWP未調査。検索数・CPCを推測していない。
物流車両 ローン 審査 落ち,車両導入・増車,ローン・リース否決,車両導入の代替資金,15,25,20,8,未評価,68,未調査,,CPC不明,CPC不明,CPC不明,A,完全一致（KWP確認後にフレーズ追加）,50円,車両が必要で既存金融手段に失敗した可能性。,個人購入・販売店意図の混入,追加KWPシード（要実測）,KWP未調査。検索数・CPCを推測していない。
物流車両 ローン 組めない,車両導入・増車,ローン・リース否決,車両導入の代替資金,15,25,20,8,未評価,68,未調査,,CPC不明,CPC不明,CPC不明,A,完全一致（KWP確認後にフレーズ追加）,50円,車両が必要で既存金融手段に失敗した可能性。,個人購入・販売店意図の混入,追加KWPシード（要実測）,KWP未調査。検索数・CPCを推測していない。
物流車両 ローン 否決,車両導入・増車,ローン・リース否決,車両導入の代替資金,15,25,20,8,未評価,68,未調査,,CPC不明,CPC不明,CPC不明,A,完全一致（KWP確認後にフレーズ追加）,50円,車両が必要で既存金融手段に失敗した可能性。,個人購入・販売店意図の混入,追加KWPシード（要実測）,KWP未調査。検索数・CPCを推測していない。
平ボディ トラック リース 審査 落ち,車両導入・増車,ローン・リース否決,車両導入の代替資金,15,25,20,8,未評価,68,未調査,,CPC不明,CPC不明,CPC不明,A,完全一致（KWP確認後にフレーズ追加）,50円,車両が必要で既存金融手段に失敗した可能性。,個人購入・販売店意図の混入,追加KWPシード（要実測）,KWP未調査。検索数・CPCを推測していない。
平ボディ トラック リース 組めない,車両導入・増車,ローン・リース否決,車両導入の代替資金,15,25,20,8,未評価,68,未調査,,CPC不明,CPC不明,CPC不明,A,完全一致（KWP確認後にフレーズ追加）,50円,車両が必要で既存金融手段に失敗した可能性。,個人購入・販売店意図の混入,追加KWPシード（要実測）,KWP未調査。検索数・CPCを推測していない。
平ボディ トラック ローン 審査 落ち,車両導入・増車,ローン・リース否決,車両導入の代替資金,15,25,20,8,未評価,68,未調査,,CPC不明,CPC不明,CPC不明,A,完全一致（KWP確認後にフレーズ追加）,50円,車両が必要で既存金融手段に失敗した可能性。,個人購入・販売店意図の混入,追加KWPシード（要実測）,KWP未調査。検索数・CPCを推測していない。
平ボディ トラック ローン 組めない,車両導入・増車,ローン・リース否決,車両導入の代替資金,15,25,20,8,未評価,68,未調査,,CPC不明,CPC不明,CPC不明,A,完全一致（KWP確認後にフレーズ追加）,50円,車両が必要で既存金融手段に失敗した可能性。,個人購入・販売店意図の混入,追加KWPシード（要実測）,KWP未調査。検索数・CPCを推測していない。
平ボディ トラック ローン 否決,車両導入・増車,ローン・リース否決,車両導入の代替資金,15,25,20,8,未評価,68,未調査,,CPC不明,CPC不明,CPC不明,A,完全一致（KWP確認後にフレーズ追加）,50円,車両が必要で既存金融手段に失敗した可能性。,個人購入・販売店意図の混入,追加KWPシード（要実測）,KWP未調査。検索数・CPCを推測していない。
冷凍車 リース 審査 落ち,車両導入・増車,ローン・リース否決,車両導入の代替資金,15,25,20,8,未評価,68,未調査,,CPC不明,CPC不明,CPC不明,A,完全一致（KWP確認後にフレーズ追加）,50円,車両が必要で既存金融手段に失敗した可能性。,個人購入・販売店意図の混入,追加KWPシード（要実測）,KWP未調査。検索数・CPCを推測していない。
冷凍車 リース 組めない,車両導入・増車,ローン・リース否決,車両導入の代替資金,15,25,20,8,未評価,68,未調査,,CPC不明,CPC不明,CPC不明,A,完全一致（KWP確認後にフレーズ追加）,50円,車両が必要で既存金融手段に失敗した可能性。,個人購入・販売店意図の混入,追加KWPシード（要実測）,KWP未調査。検索数・CPCを推測していない。
冷凍車 ローン 審査 落ち,車両導入・増車,ローン・リース否決,車両導入の代替資金,15,25,20,8,未評価,68,未調査,,CPC不明,CPC不明,CPC不明,A,完全一致（KWP確認後にフレーズ追加）,50円,車両が必要で既存金融手段に失敗した可能性。,個人購入・販売店意図の混入,追加KWPシード（要実測）,KWP未調査。検索数・CPCを推測していない。
冷凍車 ローン 組めない,車両導入・増車,ローン・リース否決,車両導入の代替資金,15,25,20,8,未評価,68,未調査,,CPC不明,CPC不明,CPC不明,A,完全一致（KWP確認後にフレーズ追加）,50円,車両が必要で既存金融手段に失敗した可能性。,個人購入・販売店意図の混入,追加KWPシード（要実測）,KWP未調査。検索数・CPCを推測していない。
冷凍車 ローン 否決,車両導入・増車,ローン・リース否決,車両導入の代替資金,15,25,20,8,未評価,68,未調査,,CPC不明,CPC不明,CPC不明,A,完全一致（KWP確認後にフレーズ追加）,50円,車両が必要で既存金融手段に失敗した可能性。,個人購入・販売店意図の混入,追加KWPシード（要実測）,KWP未調査。検索数・CPCを推測していない。
ETCカード 法人 支払い 入金前,燃料・ETC,カード・引落,燃料・通行費の支払資金,15,25,12,15,未評価,67,未調査,,CPC不明,CPC不明,CPC不明,A,完全一致（KWP確認後にフレーズ追加）,50円,後払いカード・高速料金の支払期日と入金ギャップ。,,追加KWPシード（要実測）,KWP未調査。検索数・CPCを推測していない。
ETCコーポレートカード 支払い,燃料・ETC,カード・引落,燃料・通行費の支払資金,25,20,12,10,未評価,67,未調査,,CPC不明,CPC不明,CPC不明,A,完全一致（KWP確認後にフレーズ追加）,50円,後払いカード・高速料金の支払期日と入金ギャップ。,,追加KWPシード（要実測）,KWP未調査。検索数・CPCを推測していない。
ETCコーポレートカード 支払い 資金繰り,燃料・ETC,カード・引落,燃料・通行費の支払資金,25,20,12,10,未評価,67,未調査,,CPC不明,CPC不明,CPC不明,A,完全一致（KWP確認後にフレーズ追加）,50円,後払いカード・高速料金の支払期日と入金ギャップ。,,追加KWPシード（要実測）,KWP未調査。検索数・CPCを推測していない。
運送会社 事故 賠償 支払い,修理・事故・稼働停止,事故・保険金待ち,事故後のつなぎ資金,25,20,12,10,未評価,67,未調査,,CPC不明,CPC不明,CPC不明,A,完全一致（KWP確認後にフレーズ追加）,50円,事故・保険金待ちで売上停止と支払いが重なる局面。,損害賠償・保険相談だけの可能性,追加KWPシード（要実測）,KWP未調査。検索数・CPCを推測していない。
運送会社 高速代 支払い 間に合わない,燃料・ETC,固定費・変動費,燃料・通行費の支払資金,25,25,6,10,未評価,66,未調査,,CPC不明,CPC不明,CPC不明,A,完全一致（KWP確認後にフレーズ追加）,50円,運送会社を明示した支払資金不足。,,追加KWPシード（要実測）,KWP未調査。検索数・CPCを推測していない。
運送会社 高速代 払えない,燃料・ETC,固定費・変動費,燃料・通行費の支払資金,25,25,6,10,未評価,66,未調査,,CPC不明,CPC不明,CPC不明,A,完全一致（KWP確認後にフレーズ追加）,50円,運送会社を明示した支払資金不足。,,追加KWPシード（要実測）,KWP未調査。検索数・CPCを推測していない。
運送会社 高速料金 支払い 間に合わない,燃料・ETC,固定費・変動費,燃料・通行費の支払資金,25,25,6,10,未評価,66,未調査,,CPC不明,CPC不明,CPC不明,A,完全一致（KWP確認後にフレーズ追加）,50円,運送会社を明示した支払資金不足。,,追加KWPシード（要実測）,KWP未調査。検索数・CPCを推測していない。
運送会社 高速料金 払えない,燃料・ETC,固定費・変動費,燃料・通行費の支払資金,25,25,6,10,未評価,66,未調査,,CPC不明,CPC不明,CPC不明,A,完全一致（KWP確認後にフレーズ追加）,50円,運送会社を明示した支払資金不足。,,追加KWPシード（要実測）,KWP未調査。検索数・CPCを推測していない。
運送会社 車両 修理代 一括 払えない,修理・事故・稼働停止,修理費支払,稼働継続の緊急資金,25,25,6,10,未評価,66,未調査,,CPC不明,CPC不明,CPC不明,A,完全一致（KWP確認後にフレーズ追加）,50円,稼働停止回避・高額修理の資金需要。,修理業者探し・工賃相場の混入,追加KWPシード（要実測）,KWP未調査。検索数・CPCを推測していない。
運送会社 車両 修理費 払えない,修理・事故・稼働停止,修理費支払,稼働継続の緊急資金,25,25,6,10,未評価,66,未調査,,CPC不明,CPC不明,CPC不明,A,完全一致（KWP確認後にフレーズ追加）,50円,稼働停止回避・高額修理の資金需要。,修理業者探し・工賃相場の混入,追加KWPシード（要実測）,KWP未調査。検索数・CPCを推測していない。
運送会社 燃料代 支払い 間に合わない,燃料・ETC,固定費・変動費,燃料・通行費の支払資金,25,25,6,10,未評価,66,未調査,,CPC不明,CPC不明,CPC不明,A,完全一致（KWP確認後にフレーズ追加）,50円,運送会社を明示した支払資金不足。,,追加KWPシード（要実測）,KWP未調査。検索数・CPCを推測していない。
運送会社 燃料代 払えない,燃料・ETC,固定費・変動費,燃料・通行費の支払資金,25,25,6,10,未評価,66,未調査,,CPC不明,CPC不明,CPC不明,A,完全一致（KWP確認後にフレーズ追加）,50円,運送会社を明示した支払資金不足。,,追加KWPシード（要実測）,KWP未調査。検索数・CPCを推測していない。
運送会社 融資 審査 通らない,融資待ち・追加資金,借入整理,資金調達の見直し,25,25,6,10,未評価,66,未調査,,CPC不明,CPC不明,CPC不明,A,完全一致（KWP確認後にフレーズ追加）,50円,既存借入がある法人の追加調達・条件見直し。,一本化可否は広告主・法令確認が必要,追加KWPシード（要実測）,KWP未調査。検索数・CPCを推測していない。
運送業 資金繰り,既存KWP観測,短い種語・対照,KWP実測のある対照語,25,20,6,8,7,66,10–100,40,低,270,1389,A,完全一致（KWP確認後にフレーズ追加）,50円テスト対象外（低額帯が50円超）,過去のKWP観測を漏れなく比較対象に残す。単独出稿の可否は別途評価。,短い語は販売・情報収集意図を含む場合がある,KWP raw 2026-08-11,検索数はKWPレンジ。推定検索数は安全側の換算値（0–10=4、10–100=40、100–1000=300、1000–10000=3000）。
運送業 燃料代 払えない,既存配信監査,既存設定,既存Google広告キーワード,25,25,6,10,未評価,66,未調査,,CPC不明,CPC不明,CPC不明,A,完全一致（KWP確認後にフレーズ追加）,50円,既存設定との差分・重複を確認するために記録。,,追加KWPシード（要実測）,KWP未調査。検索数・CPCを推測していない。
運転資金 融資 審査 通らない 運送会社,融資待ち・追加資金,審査・実行待ち,既存調達が間に合わない,25,25,6,10,未評価,66,未調査,,CPC不明,CPC不明,CPC不明,A,完全一致（KWP確認後にフレーズ追加）,50円,既存の金融手段を使おうとして時間・審査で詰まる局面。,金融KWのためCPC上昇・審査悪化の可能性,追加KWPシード（要実測）,KWP未調査。検索数・CPCを推測していない。
銀行融資 審査 通らない 運送会社,融資待ち・追加資金,審査・実行待ち,既存調達が間に合わない,25,25,6,10,未評価,66,未調査,,CPC不明,CPC不明,CPC不明,A,完全一致（KWP確認後にフレーズ追加）,50円,既存の金融手段を使おうとして時間・審査で詰まる局面。,金融KWのためCPC上昇・審査悪化の可能性,追加KWPシード（要実測）,KWP未調査。検索数・CPCを推測していない。
公庫融資 審査 通らない 運送会社,融資待ち・追加資金,審査・実行待ち,既存調達が間に合わない,25,25,6,10,未評価,66,未調査,,CPC不明,CPC不明,CPC不明,A,完全一致（KWP確認後にフレーズ追加）,50円,既存の金融手段を使おうとして時間・審査で詰まる局面。,金融KWのためCPC上昇・審査悪化の可能性,追加KWPシード（要実測）,KWP未調査。検索数・CPCを推測していない。
高速料金 運送会社 引き落とし 間に合わない,燃料・ETC,カード・引落,燃料・通行費の支払資金,25,25,6,10,未評価,66,未調査,,CPC不明,CPC不明,CPC不明,A,完全一致（KWP確認後にフレーズ追加）,50円,後払いカード・高速料金の支払期日と入金ギャップ。,,追加KWPシード（要実測）,KWP未調査。検索数・CPCを推測していない。
高速料金 運送会社 残高不足,燃料・ETC,カード・引落,燃料・通行費の支払資金,25,25,6,10,未評価,66,未調査,,CPC不明,CPC不明,CPC不明,A,完全一致（KWP確認後にフレーズ追加）,50円,後払いカード・高速料金の支払期日と入金ギャップ。,,追加KWPシード（要実測）,KWP未調査。検索数・CPCを推測していない。
高速料金 運送会社 利用停止,燃料・ETC,カード・引落,燃料・通行費の支払資金,25,25,6,10,未評価,66,未調査,,CPC不明,CPC不明,CPC不明,A,完全一致（KWP確認後にフレーズ追加）,50円,後払いカード・高速料金の支払期日と入金ギャップ。,,追加KWPシード（要実測）,KWP未調査。検索数・CPCを推測していない。
受注増 運送会社 運転資金,受注増・成長資金,先行資金,成長に伴う運転資金,25,20,6,15,未評価,66,未調査,,CPC不明,CPC不明,CPC不明,A,完全一致（KWP確認後にフレーズ追加）,50円,仕事の増加に対し人件費・燃料・傭車費が先行する局面。,,追加KWPシード（要実測）,KWP未調査。検索数・CPCを推測していない。
受注増 運送会社 資金繰り,受注増・成長資金,先行資金,成長に伴う運転資金,25,20,6,15,未評価,66,未調査,,CPC不明,CPC不明,CPC不明,A,完全一致（KWP確認後にフレーズ追加）,50円,仕事の増加に対し人件費・燃料・傭車費が先行する局面。,,追加KWPシード（要実測）,KWP未調査。検索数・CPCを推測していない。
受注増 資金繰り 運送会社,既存配信監査,既存設定,既存Google広告キーワード,25,20,6,15,未評価,66,未調査,,CPC不明,CPC不明,CPC不明,A,完全一致（KWP確認後にフレーズ追加）,50円,既存設定との差分・重複を確認するために記録。,,追加KWPシード（要実測）,KWP未調査。検索数・CPCを推測していない。
新規荷主 運送会社 運転資金,受注増・成長資金,先行資金,成長に伴う運転資金,25,20,6,15,未評価,66,未調査,,CPC不明,CPC不明,CPC不明,A,完全一致（KWP確認後にフレーズ追加）,50円,仕事の増加に対し人件費・燃料・傭車費が先行する局面。,,追加KWPシード（要実測）,KWP未調査。検索数・CPCを推測していない。
新規荷主 運送会社 資金繰り,受注増・成長資金,先行資金,成長に伴う運転資金,25,20,6,15,未評価,66,未調査,,CPC不明,CPC不明,CPC不明,A,完全一致（KWP確認後にフレーズ追加）,50円,仕事の増加に対し人件費・燃料・傭車費が先行する局面。,,追加KWPシード（要実測）,KWP未調査。検索数・CPCを推測していない。
新規荷主 運転資金,受注増・成長資金,運送特化表現,成長に伴う運転資金,25,20,6,15,未評価,66,未調査,,CPC不明,CPC不明,CPC不明,A,完全一致（KWP確認後にフレーズ追加）,50円,成長局面を明示するため審査健全度が比較的高い。,,追加KWPシード（要実測）,KWP未調査。検索数・CPCを推測していない。
新規受注 運送会社 運転資金,受注増・成長資金,先行資金,成長に伴う運転資金,25,20,6,15,未評価,66,未調査,,CPC不明,CPC不明,CPC不明,A,完全一致（KWP確認後にフレーズ追加）,50円,仕事の増加に対し人件費・燃料・傭車費が先行する局面。,,追加KWPシード（要実測）,KWP未調査。検索数・CPCを推測していない。
新規受注 運送会社 資金繰り,受注増・成長資金,先行資金,成長に伴う運転資金,25,20,6,15,未評価,66,未調査,,CPC不明,CPC不明,CPC不明,A,完全一致（KWP確認後にフレーズ追加）,50円,仕事の増加に対し人件費・燃料・傭車費が先行する局面。,,追加KWPシード（要実測）,KWP未調査。検索数・CPCを推測していない。
増便 運送会社 運転資金,受注増・成長資金,先行資金,成長に伴う運転資金,25,20,6,15,未評価,66,未調査,,CPC不明,CPC不明,CPC不明,A,完全一致（KWP確認後にフレーズ追加）,50円,仕事の増加に対し人件費・燃料・傭車費が先行する局面。,,追加KWPシード（要実測）,KWP未調査。検索数・CPCを推測していない。
増便 運送会社 資金繰り,受注増・成長資金,先行資金,成長に伴う運転資金,25,20,6,15,未評価,66,未調査,,CPC不明,CPC不明,CPC不明,A,完全一致（KWP確認後にフレーズ追加）,50円,仕事の増加に対し人件費・燃料・傭車費が先行する局面。,,追加KWPシード（要実測）,KWP未調査。検索数・CPCを推測していない。
追加融資 審査 通らない 運送会社,融資待ち・追加資金,審査・実行待ち,既存調達が間に合わない,25,25,6,10,未評価,66,未調査,,CPC不明,CPC不明,CPC不明,A,完全一致（KWP確認後にフレーズ追加）,50円,既存の金融手段を使おうとして時間・審査で詰まる局面。,金融KWのためCPC上昇・審査悪化の可能性,追加KWPシード（要実測）,KWP未調査。検索数・CPCを推測していない。
繁忙期 運送会社 運転資金,受注増・成長資金,先行資金,成長に伴う運転資金,25,20,6,15,未評価,66,未調査,,CPC不明,CPC不明,CPC不明,A,完全一致（KWP確認後にフレーズ追加）,50円,仕事の増加に対し人件費・燃料・傭車費が先行する局面。,,追加KWPシード（要実測）,KWP未調査。検索数・CPCを推測していない。
繁忙期 運送会社 資金繰り,受注増・成長資金,先行資金,成長に伴う運転資金,25,20,6,15,未評価,66,未調査,,CPC不明,CPC不明,CPC不明,A,完全一致（KWP確認後にフレーズ追加）,50円,仕事の増加に対し人件費・燃料・傭車費が先行する局面。,,追加KWPシード（要実測）,KWP未調査。検索数・CPCを推測していない。
繁忙期 運転資金 運送会社,既存配信監査,既存設定,既存Google広告キーワード,25,20,6,15,未評価,66,未調査,,CPC不明,CPC不明,CPC不明,A,完全一致（KWP確認後にフレーズ追加）,50円,既存設定との差分・重複を確認するために記録。,,追加KWPシード（要実測）,KWP未調査。検索数・CPCを推測していない。
保証協会 融資 審査 通らない 運送会社,融資待ち・追加資金,審査・実行待ち,既存調達が間に合わない,25,25,6,10,未評価,66,未調査,,CPC不明,CPC不明,CPC不明,A,完全一致（KWP確認後にフレーズ追加）,50円,既存の金融手段を使おうとして時間・審査で詰まる局面。,金融KWのためCPC上昇・審査悪化の可能性,追加KWPシード（要実測）,KWP未調査。検索数・CPCを推測していない。
トラック リース 審査,既存KWP観測,短い種語・対照,KWP実測のある対照語,15,12,20,8,10,65,10–100,40,中,199,860,A,完全一致（KWP確認後にフレーズ追加）,50円テスト対象外（低額帯が50円超）,過去のKWP観測を漏れなく比較対象に残す。単独出稿の可否は別途評価。,短い語は販売・情報収集意図を含む場合がある,KWP観測 2026-08-12,検索数はKWPレンジ。推定検索数は安全側の換算値（0–10=4、10–100=40、100–1000=300、1000–10000=3000）。
トラック ローン 審査,既存KWP観測,短い種語・対照,KWP実測のある対照語,15,12,20,8,10,65,10–100,40,中,149,1033,A,完全一致（KWP確認後にフレーズ追加）,50円テスト対象外（低額帯が50円超）,過去のKWP観測を漏れなく比較対象に残す。単独出稿の可否は別途評価。,短い語は販売・情報収集意図を含む場合がある,KWP観測 2026-08-12,検索数はKWPレンジ。推定検索数は安全側の換算値（0–10=4、10–100=40、100–1000=300、1000–10000=3000）。
トレーラー 修理代 立替,修理・事故・稼働停止,修理費支払,稼働継続の緊急資金,15,20,20,10,未評価,65,未調査,,CPC不明,CPC不明,CPC不明,A,完全一致（KWP確認後にフレーズ追加）,50円,稼働停止回避・高額修理の資金需要。,修理業者探し・工賃相場の混入,追加KWPシード（要実測）,KWP未調査。検索数・CPCを推測していない。
トレーラー 修理費 支払い,修理・事故・稼働停止,修理費支払,稼働継続の緊急資金,15,20,20,10,未評価,65,未調査,,CPC不明,CPC不明,CPC不明,A,完全一致（KWP確認後にフレーズ追加）,50円,稼働停止回避・高額修理の資金需要。,修理業者探し・工賃相場の混入,追加KWPシード（要実測）,KWP未調査。検索数・CPCを推測していない。
フォークリフト 導入 資金 運送会社,設備・拠点投資,設備導入,設備投資資金,25,12,20,8,未評価,65,未調査,,CPC不明,CPC不明,CPC不明,A,完全一致（KWP確認後にフレーズ追加）,50円,法人の設備投資・拠点整備に伴うまとまった需要。,補助金・製品比較意図の混入,追加KWPシード（要実測）,KWP未調査。検索数・CPCを推測していない。
運送会社 デジタコ 設備資金,設備・拠点投資,設備導入,設備投資資金,25,12,20,8,未評価,65,未調査,,CPC不明,CPC不明,CPC不明,A,完全一致（KWP確認後にフレーズ追加）,50円,法人の設備投資・拠点整備に伴うまとまった需要。,補助金・製品比較意図の混入,追加KWPシード（要実測）,KWP未調査。検索数・CPCを推測していない。
運送会社 トラック リース 審査,車両導入・増車,法人フィルター,車両導入の代替資金,25,12,20,8,未評価,65,未調査,,CPC不明,CPC不明,CPC不明,A,完全一致（KWP確認後にフレーズ追加）,50円,法人・事業用を明示し個人購入を抑える。,,追加KWPシード（要実測）,KWP未調査。検索数・CPCを推測していない。
運送会社 ビジネスローン,直接金融・比較,運送業向け資金調達,法人向け事業資金を探す,25,12,20,8,未評価,65,未調査,,CPC不明,CPC不明,CPC不明,A,完全一致（KWP確認後にフレーズ追加）,50円,案件との整合性が高い対照群。,金融比較・他業種の混入、CPC上昇の可能性,追加KWPシード（要実測）,KWP未調査。検索数・CPCを推測していない。
運送会社 フォークリフト 設備資金,設備・拠点投資,設備導入,設備投資資金,25,12,20,8,未評価,65,未調査,,CPC不明,CPC不明,CPC不明,A,完全一致（KWP確認後にフレーズ追加）,50円,法人の設備投資・拠点整備に伴うまとまった需要。,補助金・製品比較意図の混入,追加KWPシード（要実測）,KWP未調査。検索数・CPCを推測していない。
運送会社 フォークリフト 導入資金,設備・拠点投資,設備導入,設備投資資金,25,12,20,8,未評価,65,未調査,,CPC不明,CPC不明,CPC不明,A,完全一致（KWP確認後にフレーズ追加）,50円,法人の設備投資・拠点整備に伴うまとまった需要。,補助金・製品比較意図の混入,追加KWPシード（要実測）,KWP未調査。検索数・CPCを推測していない。
運送会社 運行管理システム 設備資金,設備・拠点投資,設備導入,設備投資資金,25,12,20,8,未評価,65,未調査,,CPC不明,CPC不明,CPC不明,A,完全一致（KWP確認後にフレーズ追加）,50円,法人の設備投資・拠点整備に伴うまとまった需要。,補助金・製品比較意図の混入,追加KWPシード（要実測）,KWP未調査。検索数・CPCを推測していない。
運送会社 営業所 設備資金,設備・拠点投資,設備導入,設備投資資金,25,12,20,8,未評価,65,未調査,,CPC不明,CPC不明,CPC不明,A,完全一致（KWP確認後にフレーズ追加）,50円,法人の設備投資・拠点整備に伴うまとまった需要。,補助金・製品比較意図の混入,追加KWPシード（要実測）,KWP未調査。検索数・CPCを推測していない。
運送会社 外注費 支払い 運転資金,傭車・外注,協力会社・外注,協力会社等への支払原資,25,20,12,8,未評価,65,未調査,,CPC不明,CPC不明,CPC不明,A,完全一致（KWP確認後にフレーズ追加）,50円,運送会社の下請け・外注支払いの資金ギャップ。,,追加KWPシード（要実測）,KWP未調査。検索数・CPCを推測していない。
運送会社 外注費 支払い 資金繰り,傭車・外注,協力会社・外注,協力会社等への支払原資,25,20,12,8,未評価,65,未調査,,CPC不明,CPC不明,CPC不明,A,完全一致（KWP確認後にフレーズ追加）,50円,運送会社の下請け・外注支払いの資金ギャップ。,,追加KWPシード（要実測）,KWP未調査。検索数・CPCを推測していない。
運送会社 外注費 支払い 立替,傭車・外注,協力会社・外注,協力会社等への支払原資,25,20,12,8,未評価,65,未調査,,CPC不明,CPC不明,CPC不明,A,完全一致（KWP確認後にフレーズ追加）,50円,運送会社の下請け・外注支払いの資金ギャップ。,,追加KWPシード（要実測）,KWP未調査。検索数・CPCを推測していない。
運送会社 設備資金,直接金融・比較,運送業向け資金調達,法人向け事業資金を探す,25,12,20,8,未評価,65,未調査,,CPC不明,CPC不明,CPC不明,A,完全一致（KWP確認後にフレーズ追加）,50円,案件との整合性が高い対照群。,金融比較・他業種の混入、CPC上昇の可能性,追加KWPシード（要実測）,KWP未調査。検索数・CPCを推測していない。
運送会社 倉庫設備 設備資金,設備・拠点投資,設備導入,設備投資資金,25,12,20,8,未評価,65,未調査,,CPC不明,CPC不明,CPC不明,A,完全一致（KWP確認後にフレーズ追加）,50円,法人の設備投資・拠点整備に伴うまとまった需要。,補助金・製品比較意図の混入,追加KWPシード（要実測）,KWP未調査。検索数・CPCを推測していない。
運送会社 倉庫設備 導入資金,設備・拠点投資,設備導入,設備投資資金,25,12,20,8,未評価,65,未調査,,CPC不明,CPC不明,CPC不明,A,完全一致（KWP確認後にフレーズ追加）,50円,法人の設備投資・拠点整備に伴うまとまった需要。,補助金・製品比較意図の混入,追加KWPシード（要実測）,KWP未調査。検索数・CPCを推測していない。
運送会社 点呼システム 設備資金,設備・拠点投資,設備導入,設備投資資金,25,12,20,8,未評価,65,未調査,,CPC不明,CPC不明,CPC不明,A,完全一致（KWP確認後にフレーズ追加）,50円,法人の設備投資・拠点整備に伴うまとまった需要。,補助金・製品比較意図の混入,追加KWPシード（要実測）,KWP未調査。検索数・CPCを推測していない。
運送会社 配車システム 設備資金,設備・拠点投資,設備導入,設備投資資金,25,12,20,8,未評価,65,未調査,,CPC不明,CPC不明,CPC不明,A,完全一致（KWP確認後にフレーズ追加）,50円,法人の設備投資・拠点整備に伴うまとまった需要。,補助金・製品比較意図の混入,追加KWPシード（要実測）,KWP未調査。検索数・CPCを推測していない。
運送会社 物流倉庫 設備資金,設備・拠点投資,設備導入,設備投資資金,25,12,20,8,未評価,65,未調査,,CPC不明,CPC不明,CPC不明,A,完全一致（KWP確認後にフレーズ追加）,50円,法人の設備投資・拠点整備に伴うまとまった需要。,補助金・製品比較意図の混入,追加KWPシード（要実測）,KWP未調査。検索数・CPCを推測していない。
運送会社 物流倉庫 導入資金,設備・拠点投資,設備導入,設備投資資金,25,12,20,8,未評価,65,未調査,,CPC不明,CPC不明,CPC不明,A,完全一致（KWP確認後にフレーズ追加）,50円,法人の設備投資・拠点整備に伴うまとまった需要。,補助金・製品比較意図の混入,追加KWPシード（要実測）,KWP未調査。検索数・CPCを推測していない。
運送会社 冷凍設備 設備資金,設備・拠点投資,設備導入,設備投資資金,25,12,20,8,未評価,65,未調査,,CPC不明,CPC不明,CPC不明,A,完全一致（KWP確認後にフレーズ追加）,50円,法人の設備投資・拠点整備に伴うまとまった需要。,補助金・製品比較意図の混入,追加KWPシード（要実測）,KWP未調査。検索数・CPCを推測していない。
運送会社 冷凍設備 導入資金,設備・拠点投資,設備導入,設備投資資金,25,12,20,8,未評価,65,未調査,,CPC不明,CPC不明,CPC不明,A,完全一致（KWP確認後にフレーズ追加）,50円,法人の設備投資・拠点整備に伴うまとまった需要。,補助金・製品比較意図の混入,追加KWPシード（要実測）,KWP未調査。検索数・CPCを推測していない。
運送業 ビジネスローン,直接金融・比較,運送業向け資金調達,法人向け事業資金を探す,25,12,20,8,未評価,65,未調査,,CPC不明,CPC不明,CPC不明,A,完全一致（KWP確認後にフレーズ追加）,50円,案件との整合性が高い対照群。,金融比較・他業種の混入、CPC上昇の可能性,追加KWPシード（要実測）,KWP未調査。検索数・CPCを推測していない。
運送業 設備資金,直接金融・比較,運送業向け資金調達,法人向け事業資金を探す,25,12,20,8,未評価,65,未調査,,CPC不明,CPC不明,CPC不明,A,完全一致（KWP確認後にフレーズ追加）,50円,案件との整合性が高い対照群。,金融比較・他業種の混入、CPC上昇の可能性,追加KWPシード（要実測）,KWP未調査。検索数・CPCを推測していない。
貨物運送会社 ビジネスローン,直接金融・比較,運送業向け資金調達,法人向け事業資金を探す,25,12,20,8,未評価,65,未調査,,CPC不明,CPC不明,CPC不明,A,完全一致（KWP確認後にフレーズ追加）,50円,案件との整合性が高い対照群。,金融比較・他業種の混入、CPC上昇の可能性,追加KWPシード（要実測）,KWP未調査。検索数・CPCを推測していない。
貨物運送会社 設備資金,直接金融・比較,運送業向け資金調達,法人向け事業資金を探す,25,12,20,8,未評価,65,未調査,,CPC不明,CPC不明,CPC不明,A,完全一致（KWP確認後にフレーズ追加）,50円,案件との整合性が高い対照群。,金融比較・他業種の混入、CPC上昇の可能性,追加KWPシード（要実測）,KWP未調査。検索数・CPCを推測していない。
新規拠点 運送会社 先行資金,受注増・成長資金,先行資金,成長に伴う運転資金,25,12,20,8,未評価,65,未調査,,CPC不明,CPC不明,CPC不明,A,完全一致（KWP確認後にフレーズ追加）,50円,仕事の増加に対し人件費・燃料・傭車費が先行する局面。,,追加KWPシード（要実測）,KWP未調査。検索数・CPCを推測していない。
新規拠点 運送業 資金,受注増・成長資金,先行資金,成長に伴う運転資金,25,12,20,8,未評価,65,未調査,,CPC不明,CPC不明,CPC不明,A,完全一致（KWP確認後にフレーズ追加）,50円,仕事の増加に対し人件費・燃料・傭車費が先行する局面。,,追加KWPシード（要実測）,KWP未調査。検索数・CPCを推測していない。
倉庫設備 導入 資金 運送会社,設備・拠点投資,設備導入,設備投資資金,25,12,20,8,未評価,65,未調査,,CPC不明,CPC不明,CPC不明,A,完全一致（KWP確認後にフレーズ追加）,50円,法人の設備投資・拠点整備に伴うまとまった需要。,補助金・製品比較意図の混入,追加KWPシード（要実測）,KWP未調査。検索数・CPCを推測していない。
大型トラック 修理代 立替,修理・事故・稼働停止,修理費支払,稼働継続の緊急資金,15,20,20,10,未評価,65,未調査,,CPC不明,CPC不明,CPC不明,A,完全一致（KWP確認後にフレーズ追加）,50円,稼働停止回避・高額修理の資金需要。,修理業者探し・工賃相場の混入,追加KWPシード（要実測）,KWP未調査。検索数・CPCを推測していない。
大型トラック 修理費 支払い,修理・事故・稼働停止,修理費支払,稼働継続の緊急資金,15,20,20,10,未評価,65,未調査,,CPC不明,CPC不明,CPC不明,A,完全一致（KWP確認後にフレーズ追加）,50円,稼働停止回避・高額修理の資金需要。,修理業者探し・工賃相場の混入,追加KWPシード（要実測）,KWP未調査。検索数・CPCを推測していない。
大口受注 資金不足 運送,受注増・成長資金,運送特化表現,成長に伴う運転資金,5,25,20,15,未評価,65,未調査,,CPC不明,CPC不明,CPC不明,A,完全一致（KWP確認後にフレーズ追加）,50円,成長局面を明示するため審査健全度が比較的高い。,,追加KWPシード（要実測）,KWP未調査。検索数・CPCを推測していない。
物流倉庫 導入 資金 運送会社,設備・拠点投資,設備導入,設備投資資金,25,12,20,8,未評価,65,未調査,,CPC不明,CPC不明,CPC不明,A,完全一致（KWP確認後にフレーズ追加）,50円,法人の設備投資・拠点整備に伴うまとまった需要。,補助金・製品比較意図の混入,追加KWPシード（要実測）,KWP未調査。検索数・CPCを推測していない。
冷凍車 修理代 立替,修理・事故・稼働停止,修理費支払,稼働継続の緊急資金,15,20,20,10,未評価,65,未調査,,CPC不明,CPC不明,CPC不明,A,完全一致（KWP確認後にフレーズ追加）,50円,稼働停止回避・高額修理の資金需要。,修理業者探し・工賃相場の混入,追加KWPシード（要実測）,KWP未調査。検索数・CPCを推測していない。
冷凍車 修理費 支払い,修理・事故・稼働停止,修理費支払,稼働継続の緊急資金,15,20,20,10,未評価,65,未調査,,CPC不明,CPC不明,CPC不明,A,完全一致（KWP確認後にフレーズ追加）,50円,稼働停止回避・高額修理の資金需要。,修理業者探し・工賃相場の混入,追加KWPシード（要実測）,KWP未調査。検索数・CPCを推測していない。
冷凍設備 導入 資金 運送会社,設備・拠点投資,設備導入,設備投資資金,25,12,20,8,未評価,65,未調査,,CPC不明,CPC不明,CPC不明,A,完全一致（KWP確認後にフレーズ追加）,50円,法人の設備投資・拠点整備に伴うまとまった需要。,補助金・製品比較意図の混入,追加KWPシード（要実測）,KWP未調査。検索数・CPCを推測していない。
AdBlue 運送会社 引き落とし 間に合わない,燃料・ETC,カード・引落,燃料・通行費の支払資金,25,25,6,8,未評価,64,未調査,,CPC不明,CPC不明,CPC不明,A,完全一致（KWP確認後にフレーズ追加）,50円,後払いカード・高速料金の支払期日と入金ギャップ。,,追加KWPシード（要実測）,KWP未調査。検索数・CPCを推測していない。
AdBlue 運送会社 残高不足,燃料・ETC,カード・引落,燃料・通行費の支払資金,25,25,6,8,未評価,64,未調査,,CPC不明,CPC不明,CPC不明,A,完全一致（KWP確認後にフレーズ追加）,50円,後払いカード・高速料金の支払期日と入金ギャップ。,,追加KWPシード（要実測）,KWP未調査。検索数・CPCを推測していない。
AdBlue 運送会社 利用停止,燃料・ETC,カード・引落,燃料・通行費の支払資金,25,25,6,8,未評価,64,未調査,,CPC不明,CPC不明,CPC不明,A,完全一致（KWP確認後にフレーズ追加）,50円,後払いカード・高速料金の支払期日と入金ギャップ。,,追加KWPシード（要実測）,KWP未調査。検索数・CPCを推測していない。
ドライバー増員 運送会社 資金不足,受注増・成長資金,先行資金,成長に伴う運転資金,25,25,6,8,未評価,64,未調査,,CPC不明,CPC不明,CPC不明,A,完全一致（KWP確認後にフレーズ追加）,50円,仕事の増加に対し人件費・燃料・傭車費が先行する局面。,,追加KWPシード（要実測）,KWP未調査。検索数・CPCを推測していない。
ドライバー増員 傭車代 資金,受注増・成長資金,先行資金,成長に伴う運転資金,25,12,12,15,未評価,64,未調査,,CPC不明,CPC不明,CPC不明,A,完全一致（KWP確認後にフレーズ追加）,50円,仕事の増加に対し人件費・燃料・傭車費が先行する局面。,,追加KWPシード（要実測）,KWP未調査。検索数・CPCを推測していない。
運送会社 AdBlue 支払い 間に合わない,燃料・ETC,固定費・変動費,燃料・通行費の支払資金,25,25,6,8,未評価,64,未調査,,CPC不明,CPC不明,CPC不明,A,完全一致（KWP確認後にフレーズ追加）,50円,運送会社を明示した支払資金不足。,,追加KWPシード（要実測）,KWP未調査。検索数・CPCを推測していない。
運送会社 AdBlue 払えない,燃料・ETC,固定費・変動費,燃料・通行費の支払資金,25,25,6,8,未評価,64,未調査,,CPC不明,CPC不明,CPC不明,A,完全一致（KWP確認後にフレーズ追加）,50円,運送会社を明示した支払資金不足。,,追加KWPシード（要実測）,KWP未調査。検索数・CPCを推測していない。
運送会社 ドライバー 給料 支払い 間に合わない,人件費・保険,先行固定費,固定費の一時的な資金不足,25,25,6,8,未評価,64,未調査,,CPC不明,CPC不明,CPC不明,A,完全一致（KWP確認後にフレーズ追加）,50円,給与・保険料は先行しやすい固定費。,長期滞納・給与未払いは審査健全度が低い,追加KWPシード（要実測）,KWP未調査。検索数・CPCを推測していない。
運送会社 ドライバー 賞与 支払い 間に合わない,人件費・保険,先行固定費,固定費の一時的な資金不足,25,25,6,8,未評価,64,未調査,,CPC不明,CPC不明,CPC不明,A,完全一致（KWP確認後にフレーズ追加）,50円,給与・保険料は先行しやすい固定費。,長期滞納・給与未払いは審査健全度が低い,追加KWPシード（要実測）,KWP未調査。検索数・CPCを推測していない。
運送会社 軽油代 支払い 間に合わない,燃料・ETC,固定費・変動費,燃料・通行費の支払資金,25,25,6,8,未評価,64,未調査,,CPC不明,CPC不明,CPC不明,A,完全一致（KWP確認後にフレーズ追加）,50円,運送会社を明示した支払資金不足。,,追加KWPシード（要実測）,KWP未調査。検索数・CPCを推測していない。
運送会社 軽油代 払えない,燃料・ETC,固定費・変動費,燃料・通行費の支払資金,25,25,6,8,未評価,64,未調査,,CPC不明,CPC不明,CPC不明,A,完全一致（KWP確認後にフレーズ追加）,50円,運送会社を明示した支払資金不足。,,追加KWPシード（要実測）,KWP未調査。検索数・CPCを推測していない。
運送会社 資金不足,既存配信監査,既存設定,既存Google広告キーワード,25,25,6,8,未評価,64,未調査,,CPC不明,CPC不明,CPC不明,A,完全一致（KWP確認後にフレーズ追加）,50円,既存設定との差分・重複を確認するために記録。,,追加KWPシード（要実測）,KWP未調査。検索数・CPCを推測していない。
運送会社 車両保険料 支払い 間に合わない,人件費・保険,先行固定費,固定費の一時的な資金不足,25,25,6,8,未評価,64,未調査,,CPC不明,CPC不明,CPC不明,A,完全一致（KWP確認後にフレーズ追加）,50円,給与・保険料は先行しやすい固定費。,長期滞納・給与未払いは審査健全度が低い,追加KWPシード（要実測）,KWP未調査。検索数・CPCを推測していない。
運送会社 人件費 支払い 間に合わない,人件費・保険,先行固定費,固定費の一時的な資金不足,25,25,6,8,未評価,64,未調査,,CPC不明,CPC不明,CPC不明,A,完全一致（KWP確認後にフレーズ追加）,50円,給与・保険料は先行しやすい固定費。,長期滞納・給与未払いは審査健全度が低い,追加KWPシード（要実測）,KWP未調査。検索数・CPCを推測していない。
運送会社 尿素水 支払い 間に合わない,燃料・ETC,固定費・変動費,燃料・通行費の支払資金,25,25,6,8,未評価,64,未調査,,CPC不明,CPC不明,CPC不明,A,完全一致（KWP確認後にフレーズ追加）,50円,運送会社を明示した支払資金不足。,,追加KWPシード（要実測）,KWP未調査。検索数・CPCを推測していない。
運送会社 尿素水 払えない,燃料・ETC,固定費・変動費,燃料・通行費の支払資金,25,25,6,8,未評価,64,未調査,,CPC不明,CPC不明,CPC不明,A,完全一致（KWP確認後にフレーズ追加）,50円,運送会社を明示した支払資金不足。,,追加KWPシード（要実測）,KWP未調査。検索数・CPCを推測していない。
運送会社 任意保険料 支払い 間に合わない,人件費・保険,先行固定費,固定費の一時的な資金不足,25,25,6,8,未評価,64,未調査,,CPC不明,CPC不明,CPC不明,A,完全一致（KWP確認後にフレーズ追加）,50円,給与・保険料は先行しやすい固定費。,長期滞納・給与未払いは審査健全度が低い,追加KWPシード（要実測）,KWP未調査。検索数・CPCを推測していない。
運送業 支払い 間に合わない,既存配信監査,既存設定,既存Google広告キーワード,25,25,6,8,未評価,64,未調査,,CPC不明,CPC不明,CPC不明,A,完全一致（KWP確認後にフレーズ追加）,50円,既存設定との差分・重複を確認するために記録。,,追加KWPシード（要実測）,KWP未調査。検索数・CPCを推測していない。
運賃 入金 支払い 間に合わない,入金ギャップ,荷主・元請・売掛金,入金前の支払資金,25,25,6,8,未評価,64,未調査,,CPC不明,CPC不明,CPC不明,A,完全一致（KWP確認後にフレーズ追加）,50円,荷主・元請からの入金と先払いコストのズレ。,会計・契約条件の情報収集,追加KWPシード（要実測）,KWP未調査。検索数・CPCを推測していない。
運転資金 融資 間に合わない 運送会社,融資待ち・追加資金,審査・実行待ち,既存調達が間に合わない,25,25,6,8,未評価,64,未調査,,CPC不明,CPC不明,CPC不明,A,完全一致（KWP確認後にフレーズ追加）,50円,既存の金融手段を使おうとして時間・審査で詰まる局面。,金融KWのためCPC上昇・審査悪化の可能性,追加KWPシード（要実測）,KWP未調査。検索数・CPCを推測していない。
荷主 入金 支払い 間に合わない,入金ギャップ,荷主・元請・売掛金,入金前の支払資金,25,25,6,8,未評価,64,未調査,,CPC不明,CPC不明,CPC不明,A,完全一致（KWP確認後にフレーズ追加）,50円,荷主・元請からの入金と先払いコストのズレ。,会計・契約条件の情報収集,追加KWPシード（要実測）,KWP未調査。検索数・CPCを推測していない。
銀行融資 間に合わない 運送会社,融資待ち・追加資金,審査・実行待ち,既存調達が間に合わない,25,25,6,8,未評価,64,未調査,,CPC不明,CPC不明,CPC不明,A,完全一致（KWP確認後にフレーズ追加）,50円,既存の金融手段を使おうとして時間・審査で詰まる局面。,金融KWのためCPC上昇・審査悪化の可能性,追加KWPシード（要実測）,KWP未調査。検索数・CPCを推測していない。
元請 入金 支払い 間に合わない,入金ギャップ,荷主・元請・売掛金,入金前の支払資金,25,25,6,8,未評価,64,未調査,,CPC不明,CPC不明,CPC不明,A,完全一致（KWP確認後にフレーズ追加）,50円,荷主・元請からの入金と先払いコストのズレ。,会計・契約条件の情報収集,追加KWPシード（要実測）,KWP未調査。検索数・CPCを推測していない。
公庫融資 間に合わない 運送会社,融資待ち・追加資金,審査・実行待ち,既存調達が間に合わない,25,25,6,8,未評価,64,未調査,,CPC不明,CPC不明,CPC不明,A,完全一致（KWP確認後にフレーズ追加）,50円,既存の金融手段を使おうとして時間・審査で詰まる局面。,金融KWのためCPC上昇・審査悪化の可能性,追加KWPシード（要実測）,KWP未調査。検索数・CPCを推測していない。
事業拡大 運送会社 資金不足,受注増・成長資金,先行資金,成長に伴う運転資金,25,25,6,8,未評価,64,未調査,,CPC不明,CPC不明,CPC不明,A,完全一致（KWP確認後にフレーズ追加）,50円,仕事の増加に対し人件費・燃料・傭車費が先行する局面。,,追加KWPシード（要実測）,KWP未調査。検索数・CPCを推測していない。
事業拡大 傭車代 資金,受注増・成長資金,先行資金,成長に伴う運転資金,25,12,12,15,未評価,64,未調査,,CPC不明,CPC不明,CPC不明,A,完全一致（KWP確認後にフレーズ追加）,50円,仕事の増加に対し人件費・燃料・傭車費が先行する局面。,,追加KWPシード（要実測）,KWP未調査。検索数・CPCを推測していない。
受注増 傭車代 資金,受注増・成長資金,先行資金,成長に伴う運転資金,25,12,12,15,未評価,64,未調査,,CPC不明,CPC不明,CPC不明,A,完全一致（KWP確認後にフレーズ追加）,50円,仕事の増加に対し人件費・燃料・傭車費が先行する局面。,,追加KWPシード（要実測）,KWP未調査。検索数・CPCを推測していない。
新規荷主 傭車代 資金,受注増・成長資金,先行資金,成長に伴う運転資金,25,12,12,15,未評価,64,未調査,,CPC不明,CPC不明,CPC不明,A,完全一致（KWP確認後にフレーズ追加）,50円,仕事の増加に対し人件費・燃料・傭車費が先行する局面。,,追加KWPシード（要実測）,KWP未調査。検索数・CPCを推測していない。
新規受注 傭車代 資金,受注増・成長資金,先行資金,成長に伴う運転資金,25,12,12,15,未評価,64,未調査,,CPC不明,CPC不明,CPC不明,A,完全一致（KWP確認後にフレーズ追加）,50円,仕事の増加に対し人件費・燃料・傭車費が先行する局面。,,追加KWPシード（要実測）,KWP未調査。検索数・CPCを推測していない。
増便 傭車代 資金,受注増・成長資金,先行資金,成長に伴う運転資金,25,12,12,15,未評価,64,未調査,,CPC不明,CPC不明,CPC不明,A,完全一致（KWP確認後にフレーズ追加）,50円,仕事の増加に対し人件費・燃料・傭車費が先行する局面。,,追加KWPシード（要実測）,KWP未調査。検索数・CPCを推測していない。
追加融資 間に合わない 運送会社,融資待ち・追加資金,審査・実行待ち,既存調達が間に合わない,25,25,6,8,未評価,64,未調査,,CPC不明,CPC不明,CPC不明,A,完全一致（KWP確認後にフレーズ追加）,50円,既存の金融手段を使おうとして時間・審査で詰まる局面。,金融KWのためCPC上昇・審査悪化の可能性,追加KWPシード（要実測）,KWP未調査。検索数・CPCを推測していない。
尿素水 運送会社 引き落とし 間に合わない,燃料・ETC,カード・引落,燃料・通行費の支払資金,25,25,6,8,未評価,64,未調査,,CPC不明,CPC不明,CPC不明,A,完全一致（KWP確認後にフレーズ追加）,50円,後払いカード・高速料金の支払期日と入金ギャップ。,,追加KWPシード（要実測）,KWP未調査。検索数・CPCを推測していない。
尿素水 運送会社 残高不足,燃料・ETC,カード・引落,燃料・通行費の支払資金,25,25,6,8,未評価,64,未調査,,CPC不明,CPC不明,CPC不明,A,完全一致（KWP確認後にフレーズ追加）,50円,後払いカード・高速料金の支払期日と入金ギャップ。,,追加KWPシード（要実測）,KWP未調査。検索数・CPCを推測していない。
尿素水 運送会社 利用停止,燃料・ETC,カード・引落,燃料・通行費の支払資金,25,25,6,8,未評価,64,未調査,,CPC不明,CPC不明,CPC不明,A,完全一致（KWP確認後にフレーズ追加）,50円,後払いカード・高速料金の支払期日と入金ギャップ。,,追加KWPシード（要実測）,KWP未調査。検索数・CPCを推測していない。
繁忙期 傭車 資金,受注増・成長資金,運送特化表現,成長に伴う運転資金,25,12,12,15,未評価,64,未調査,,CPC不明,CPC不明,CPC不明,A,完全一致（KWP確認後にフレーズ追加）,50円,成長局面を明示するため審査健全度が比較的高い。,,追加KWPシード（要実測）,KWP未調査。検索数・CPCを推測していない。
繁忙期 傭車代 資金,受注増・成長資金,先行資金,成長に伴う運転資金,25,12,12,15,未評価,64,未調査,,CPC不明,CPC不明,CPC不明,A,完全一致（KWP確認後にフレーズ追加）,50円,仕事の増加に対し人件費・燃料・傭車費が先行する局面。,,追加KWPシード（要実測）,KWP未調査。検索数・CPCを推測していない。
保証協会 融資 間に合わない 運送会社,融資待ち・追加資金,審査・実行待ち,既存調達が間に合わない,25,25,6,8,未評価,64,未調査,,CPC不明,CPC不明,CPC不明,A,完全一致（KWP確認後にフレーズ追加）,50円,既存の金融手段を使おうとして時間・審査で詰まる局面。,金融KWのためCPC上昇・審査悪化の可能性,追加KWPシード（要実測）,KWP未調査。検索数・CPCを推測していない。
傭車増加 運送会社 先行資金,受注増・成長資金,先行資金,成長に伴う運転資金,25,12,12,15,未評価,64,未調査,,CPC不明,CPC不明,CPC不明,A,完全一致（KWP確認後にフレーズ追加）,50円,仕事の増加に対し人件費・燃料・傭車費が先行する局面。,,追加KWPシード（要実測）,KWP未調査。検索数・CPCを推測していない。
傭車増加 運送業 資金,受注増・成長資金,先行資金,成長に伴う運転資金,25,12,12,15,未評価,64,未調査,,CPC不明,CPC不明,CPC不明,A,完全一致（KWP確認後にフレーズ追加）,50円,仕事の増加に対し人件費・燃料・傭車費が先行する局面。,,追加KWPシード（要実測）,KWP未調査。検索数・CPCを推測していない。
傭車増加 傭車代 資金,受注増・成長資金,先行資金,成長に伴う運転資金,25,12,12,15,未評価,64,未調査,,CPC不明,CPC不明,CPC不明,A,完全一致（KWP確認後にフレーズ追加）,50円,仕事の増加に対し人件費・燃料・傭車費が先行する局面。,,追加KWPシード（要実測）,KWP未調査。検索数・CPCを推測していない。
運送業 運転資金,直接金融・比較,運送業向け資金調達,法人向け事業資金を探す,25,20,6,8,4,63,10–100,40,低,582,1810,A,完全一致（KWP確認後にフレーズ追加）,50円テスト対象外（低額帯が50円超）,案件との整合性が高い対照群。,金融比較・他業種の混入、CPC上昇の可能性,KWP raw 2026-08-11,検索数はKWPレンジ。推定検索数は安全側の換算値（0–10=4、10–100=40、100–1000=300、1000–10000=3000）。
ETCカード 法人 引き落とし 間に合わない,燃料・ETC,カード・引落,燃料・通行費の支払資金,15,25,12,10,未評価,62,未調査,,CPC不明,CPC不明,CPC不明,A,完全一致（KWP確認後にフレーズ追加）,50円,後払いカード・高速料金の支払期日と入金ギャップ。,,追加KWPシード（要実測）,KWP未調査。検索数・CPCを推測していない。
ETCカード 法人 残高不足,燃料・ETC,カード・引落,燃料・通行費の支払資金,15,25,12,10,未評価,62,未調査,,CPC不明,CPC不明,CPC不明,A,完全一致（KWP確認後にフレーズ追加）,50円,後払いカード・高速料金の支払期日と入金ギャップ。,,追加KWPシード（要実測）,KWP未調査。検索数・CPCを推測していない。
ETCカード 法人 利用停止,燃料・ETC,カード・引落,燃料・通行費の支払資金,15,25,12,10,未評価,62,未調査,,CPC不明,CPC不明,CPC不明,A,完全一致（KWP確認後にフレーズ追加）,50円,後払いカード・高速料金の支払期日と入金ギャップ。,,追加KWPシード（要実測）,KWP未調査。検索数・CPCを推測していない。
ダンプ 増車 ローン,車両導入・増車,購入・頭金・増車,車両導入の先行資金,15,12,20,15,未評価,62,未調査,,CPC不明,CPC不明,CPC不明,A,完全一致（KWP確認後にフレーズ追加）,50円,車両購入・増車は300万円以上の資金需要へつながりやすい。,個人購入・販売店意図の混入,追加KWPシード（要実測）,KWP未調査。検索数・CPCを推測していない。
ダンプ 増車 資金,車両導入・増車,購入・頭金・増車,車両導入の先行資金,15,12,20,15,未評価,62,未調査,,CPC不明,CPC不明,CPC不明,A,完全一致（KWP確認後にフレーズ追加）,50円,車両購入・増車は300万円以上の資金需要へつながりやすい。,個人購入・販売店意図の混入,追加KWPシード（要実測）,KWP未調査。検索数・CPCを推測していない。
ダンプ 増台 資金,車両導入・増車,購入・頭金・増車,車両導入の先行資金,15,12,20,15,未評価,62,未調査,,CPC不明,CPC不明,CPC不明,A,完全一致（KWP確認後にフレーズ追加）,50円,車両購入・増車は300万円以上の資金需要へつながりやすい。,個人購入・販売店意図の混入,追加KWPシード（要実測）,KWP未調査。検索数・CPCを推測していない。
トラック エンジン 修理代 払えない,修理・事故・稼働停止,部品・重整備,稼働継続の緊急資金,15,25,12,10,未評価,62,未調査,,CPC不明,CPC不明,CPC不明,A,完全一致（KWP確認後にフレーズ追加）,50円,エンジン・ミッション等の重整備は一括支払困難のシグナル。,修理方法の情報収集,追加KWPシード（要実測）,KWP未調査。検索数・CPCを推測していない。
トラック ミッション 修理代 払えない,修理・事故・稼働停止,部品・重整備,稼働継続の緊急資金,15,25,12,10,未評価,62,未調査,,CPC不明,CPC不明,CPC不明,A,完全一致（KWP確認後にフレーズ追加）,50円,エンジン・ミッション等の重整備は一括支払困難のシグナル。,修理方法の情報収集,追加KWPシード（要実測）,KWP未調査。検索数・CPCを推測していない。
トラック 増車 ローン,車両導入・増車,購入・頭金・増車,車両導入の先行資金,15,12,20,15,未評価,62,未調査,,CPC不明,CPC不明,CPC不明,A,完全一致（KWP確認後にフレーズ追加）,50円,車両購入・増車は300万円以上の資金需要へつながりやすい。,個人購入・販売店意図の混入,追加KWPシード（要実測）,KWP未調査。検索数・CPCを推測していない。
トラック 増車 資金,車両導入・増車,購入・頭金・増車,車両導入の先行資金,15,12,20,15,未評価,62,未調査,,CPC不明,CPC不明,CPC不明,A,完全一致（KWP確認後にフレーズ追加）,50円,車両購入・増車は300万円以上の資金需要へつながりやすい。,個人購入・販売店意図の混入,追加KWPシード（要実測）,KWP未調査。検索数・CPCを推測していない。
トラック 増台 資金,車両導入・増車,購入・頭金・増車,車両導入の先行資金,15,12,20,15,未評価,62,未調査,,CPC不明,CPC不明,CPC不明,A,完全一致（KWP確認後にフレーズ追加）,50円,車両購入・増車は300万円以上の資金需要へつながりやすい。,個人購入・販売店意図の混入,追加KWPシード（要実測）,KWP未調査。検索数・CPCを推測していない。
トレーラー 増車 ローン,車両導入・増車,購入・頭金・増車,車両導入の先行資金,15,12,20,15,未評価,62,未調査,,CPC不明,CPC不明,CPC不明,A,完全一致（KWP確認後にフレーズ追加）,50円,車両購入・増車は300万円以上の資金需要へつながりやすい。,個人購入・販売店意図の混入,追加KWPシード（要実測）,KWP未調査。検索数・CPCを推測していない。
トレーラー 増車 資金,車両導入・増車,購入・頭金・増車,車両導入の先行資金,15,12,20,15,未評価,62,未調査,,CPC不明,CPC不明,CPC不明,A,完全一致（KWP確認後にフレーズ追加）,50円,車両購入・増車は300万円以上の資金需要へつながりやすい。,個人購入・販売店意図の混入,追加KWPシード（要実測）,KWP未調査。検索数・CPCを推測していない。
トレーラー 増台 資金,車両導入・増車,購入・頭金・増車,車両導入の先行資金,15,12,20,15,未評価,62,未調査,,CPC不明,CPC不明,CPC不明,A,完全一致（KWP確認後にフレーズ追加）,50円,車両購入・増車は300万円以上の資金需要へつながりやすい。,個人購入・販売店意図の混入,追加KWPシード（要実測）,KWP未調査。検索数・CPCを推測していない。
大型トラック 増車 ローン,車両導入・増車,購入・頭金・増車,車両導入の先行資金,15,12,20,15,未評価,62,未調査,,CPC不明,CPC不明,CPC不明,A,完全一致（KWP確認後にフレーズ追加）,50円,車両購入・増車は300万円以上の資金需要へつながりやすい。,個人購入・販売店意図の混入,追加KWPシード（要実測）,KWP未調査。検索数・CPCを推測していない。
大型トラック 増車 資金,車両導入・増車,購入・頭金・増車,車両導入の先行資金,15,12,20,15,未評価,62,未調査,,CPC不明,CPC不明,CPC不明,A,完全一致（KWP確認後にフレーズ追加）,50円,車両購入・増車は300万円以上の資金需要へつながりやすい。,個人購入・販売店意図の混入,追加KWPシード（要実測）,KWP未調査。検索数・CPCを推測していない。
大型トラック 増台 資金,車両導入・増車,購入・頭金・増車,車両導入の先行資金,15,12,20,15,未評価,62,未調査,,CPC不明,CPC不明,CPC不明,A,完全一致（KWP確認後にフレーズ追加）,50円,車両購入・増車は300万円以上の資金需要へつながりやすい。,個人購入・販売店意図の混入,追加KWPシード（要実測）,KWP未調査。検索数・CPCを推測していない。
中古トラック 増車 ローン,車両導入・増車,購入・頭金・増車,車両導入の先行資金,15,12,20,15,未評価,62,未調査,,CPC不明,CPC不明,CPC不明,A,完全一致（KWP確認後にフレーズ追加）,50円,車両購入・増車は300万円以上の資金需要へつながりやすい。,個人購入・販売店意図の混入,追加KWPシード（要実測）,KWP未調査。検索数・CPCを推測していない。
中古トラック 増車 資金,車両導入・増車,購入・頭金・増車,車両導入の先行資金,15,12,20,15,未評価,62,未調査,,CPC不明,CPC不明,CPC不明,A,完全一致（KWP確認後にフレーズ追加）,50円,車両購入・増車は300万円以上の資金需要へつながりやすい。,個人購入・販売店意図の混入,追加KWPシード（要実測）,KWP未調査。検索数・CPCを推測していない。
中古トラック 増台 資金,車両導入・増車,購入・頭金・増車,車両導入の先行資金,15,12,20,15,未評価,62,未調査,,CPC不明,CPC不明,CPC不明,A,完全一致（KWP確認後にフレーズ追加）,50円,車両購入・増車は300万円以上の資金需要へつながりやすい。,個人購入・販売店意図の混入,追加KWPシード（要実測）,KWP未調査。検索数・CPCを推測していない。
物流車両 増車 ローン,車両導入・増車,購入・頭金・増車,車両導入の先行資金,15,12,20,15,未評価,62,未調査,,CPC不明,CPC不明,CPC不明,A,完全一致（KWP確認後にフレーズ追加）,50円,車両購入・増車は300万円以上の資金需要へつながりやすい。,個人購入・販売店意図の混入,追加KWPシード（要実測）,KWP未調査。検索数・CPCを推測していない。
物流車両 増車 資金,車両導入・増車,購入・頭金・増車,車両導入の先行資金,15,12,20,15,未評価,62,未調査,,CPC不明,CPC不明,CPC不明,A,完全一致（KWP確認後にフレーズ追加）,50円,車両購入・増車は300万円以上の資金需要へつながりやすい。,個人購入・販売店意図の混入,追加KWPシード（要実測）,KWP未調査。検索数・CPCを推測していない。
物流車両 増台 資金,車両導入・増車,購入・頭金・増車,車両導入の先行資金,15,12,20,15,未評価,62,未調査,,CPC不明,CPC不明,CPC不明,A,完全一致（KWP確認後にフレーズ追加）,50円,車両購入・増車は300万円以上の資金需要へつながりやすい。,個人購入・販売店意図の混入,追加KWPシード（要実測）,KWP未調査。検索数・CPCを推測していない。
平ボディ トラック 増車 ローン,車両導入・増車,購入・頭金・増車,車両導入の先行資金,15,12,20,15,未評価,62,未調査,,CPC不明,CPC不明,CPC不明,A,完全一致（KWP確認後にフレーズ追加）,50円,車両購入・増車は300万円以上の資金需要へつながりやすい。,個人購入・販売店意図の混入,追加KWPシード（要実測）,KWP未調査。検索数・CPCを推測していない。
平ボディ トラック 増車 資金,車両導入・増車,購入・頭金・増車,車両導入の先行資金,15,12,20,15,未評価,62,未調査,,CPC不明,CPC不明,CPC不明,A,完全一致（KWP確認後にフレーズ追加）,50円,車両購入・増車は300万円以上の資金需要へつながりやすい。,個人購入・販売店意図の混入,追加KWPシード（要実測）,KWP未調査。検索数・CPCを推測していない。
平ボディ トラック 増台 資金,車両導入・増車,購入・頭金・増車,車両導入の先行資金,15,12,20,15,未評価,62,未調査,,CPC不明,CPC不明,CPC不明,A,完全一致（KWP確認後にフレーズ追加）,50円,車両購入・増車は300万円以上の資金需要へつながりやすい。,個人購入・販売店意図の混入,追加KWPシード（要実測）,KWP未調査。検索数・CPCを推測していない。
法人 カーリース 審査,既存KWP観測,短い種語・対照,KWP実測のある対照語,15,12,20,8,7,62,10–100,40,高,232,742,A,完全一致（KWP確認後にフレーズ追加）,50円テスト対象外（低額帯が50円超）,過去のKWP観測を漏れなく比較対象に残す。単独出稿の可否は別途評価。,短い語は販売・情報収集意図を含む場合がある,KWP観測 2026-08-12,検索数はKWPレンジ。推定検索数は安全側の換算値（0–10=4、10–100=40、100–1000=300、1000–10000=3000）。
冷凍車 増車 ローン,車両導入・増車,購入・頭金・増車,車両導入の先行資金,15,12,20,15,未評価,62,未調査,,CPC不明,CPC不明,CPC不明,A,完全一致（KWP確認後にフレーズ追加）,50円,車両購入・増車は300万円以上の資金需要へつながりやすい。,個人購入・販売店意図の混入,追加KWPシード（要実測）,KWP未調査。検索数・CPCを推測していない。
冷凍車 増車 資金,車両導入・増車,購入・頭金・増車,車両導入の先行資金,15,12,20,15,未評価,62,未調査,,CPC不明,CPC不明,CPC不明,A,完全一致（KWP確認後にフレーズ追加）,50円,車両購入・増車は300万円以上の資金需要へつながりやすい。,個人購入・販売店意図の混入,追加KWPシード（要実測）,KWP未調査。検索数・CPCを推測していない。
冷凍車 増台 資金,車両導入・増車,購入・頭金・増車,車両導入の先行資金,15,12,20,15,未評価,62,未調査,,CPC不明,CPC不明,CPC不明,A,完全一致（KWP確認後にフレーズ追加）,50円,車両購入・増車は300万円以上の資金需要へつながりやすい。,個人購入・販売店意図の混入,追加KWPシード（要実測）,KWP未調査。検索数・CPCを推測していない。
運送会社 高速代 運転資金,燃料・ETC,固定費・変動費,燃料・通行費の支払資金,25,20,6,10,未評価,61,未調査,,CPC不明,CPC不明,CPC不明,A,完全一致（KWP確認後にフレーズ追加）,50円,運送会社を明示した支払資金不足。,,追加KWPシード（要実測）,KWP未調査。検索数・CPCを推測していない。
運送会社 高速代 資金繰り,燃料・ETC,固定費・変動費,燃料・通行費の支払資金,25,20,6,10,未評価,61,未調査,,CPC不明,CPC不明,CPC不明,A,完全一致（KWP確認後にフレーズ追加）,50円,運送会社を明示した支払資金不足。,,追加KWPシード（要実測）,KWP未調査。検索数・CPCを推測していない。
運送会社 高速料金 運転資金,燃料・ETC,固定費・変動費,燃料・通行費の支払資金,25,20,6,10,未評価,61,未調査,,CPC不明,CPC不明,CPC不明,A,完全一致（KWP確認後にフレーズ追加）,50円,運送会社を明示した支払資金不足。,,追加KWPシード（要実測）,KWP未調査。検索数・CPCを推測していない。
運送会社 高速料金 資金繰り,燃料・ETC,固定費・変動費,燃料・通行費の支払資金,25,20,6,10,未評価,61,未調査,,CPC不明,CPC不明,CPC不明,A,完全一致（KWP確認後にフレーズ追加）,50円,運送会社を明示した支払資金不足。,,追加KWPシード（要実測）,KWP未調査。検索数・CPCを推測していない。
運送会社 車両 修理代 立替,修理・事故・稼働停止,修理費支払,稼働継続の緊急資金,25,20,6,10,未評価,61,未調査,,CPC不明,CPC不明,CPC不明,A,完全一致（KWP確認後にフレーズ追加）,50円,稼働停止回避・高額修理の資金需要。,修理業者探し・工賃相場の混入,追加KWPシード（要実測）,KWP未調査。検索数・CPCを推測していない。
運送会社 車両 修理費 支払い,修理・事故・稼働停止,修理費支払,稼働継続の緊急資金,25,20,6,10,未評価,61,未調査,,CPC不明,CPC不明,CPC不明,A,完全一致（KWP確認後にフレーズ追加）,50円,稼働停止回避・高額修理の資金需要。,修理業者探し・工賃相場の混入,追加KWPシード（要実測）,KWP未調査。検索数・CPCを推測していない。
運送会社 燃料代 運転資金,燃料・ETC,固定費・変動費,燃料・通行費の支払資金,25,20,6,10,未評価,61,未調査,,CPC不明,CPC不明,CPC不明,A,完全一致（KWP確認後にフレーズ追加）,50円,運送会社を明示した支払資金不足。,,追加KWPシード（要実測）,KWP未調査。検索数・CPCを推測していない。
運送会社 燃料代 資金繰り,燃料・ETC,固定費・変動費,燃料・通行費の支払資金,25,20,6,10,未評価,61,未調査,,CPC不明,CPC不明,CPC不明,A,完全一致（KWP確認後にフレーズ追加）,50円,運送会社を明示した支払資金不足。,,追加KWPシード（要実測）,KWP未調査。検索数・CPCを推測していない。
高速料金 運送会社 支払い,燃料・ETC,カード・引落,燃料・通行費の支払資金,25,20,6,10,未評価,61,未調査,,CPC不明,CPC不明,CPC不明,A,完全一致（KWP確認後にフレーズ追加）,50円,後払いカード・高速料金の支払期日と入金ギャップ。,,追加KWPシード（要実測）,KWP未調査。検索数・CPCを推測していない。
高速料金 運送会社 支払い 資金繰り,燃料・ETC,カード・引落,燃料・通行費の支払資金,25,20,6,10,未評価,61,未調査,,CPC不明,CPC不明,CPC不明,A,完全一致（KWP確認後にフレーズ追加）,50円,後払いカード・高速料金の支払期日と入金ギャップ。,,追加KWPシード（要実測）,KWP未調査。検索数・CPCを推測していない。
高速料金 運送会社 資金繰り,KWP再調査優先,短い業界シード,関連候補の発見,25,20,6,10,未評価,61,未調査,,CPC不明,CPC不明,CPC不明,A,完全一致（KWP確認後にフレーズ追加）,50円,短い種語または高意図の自然文。単独出稿可否はKWP関連候補と検索語句で確認する。,短い種語は説明・会計意図も混在する,追加KWPシード（要実測）,KWP未調査。検索数・CPCを推測していない。
ウイング車 リース 審査 通らない,車両導入・増車,ローン・リース否決,車両導入の代替資金,5,25,20,10,未評価,60,未調査,,CPC不明,CPC不明,CPC不明,A,完全一致（KWP確認後にフレーズ追加）,50円,車両が必要で既存金融手段に失敗した可能性。,個人購入・販売店意図の混入,追加KWPシード（要実測）,KWP未調査。検索数・CPCを推測していない。
ウイング車 ローン 審査 通らない,車両導入・増車,ローン・リース否決,車両導入の代替資金,5,25,20,10,未評価,60,未調査,,CPC不明,CPC不明,CPC不明,A,完全一致（KWP確認後にフレーズ追加）,50円,車両が必要で既存金融手段に失敗した可能性。,個人購入・販売店意図の混入,追加KWPシード（要実測）,KWP未調査。検索数・CPCを推測していない。
ユニック車 リース 審査 通らない,車両導入・増車,ローン・リース否決,車両導入の代替資金,5,25,20,10,未評価,60,未調査,,CPC不明,CPC不明,CPC不明,A,完全一致（KWP確認後にフレーズ追加）,50円,車両が必要で既存金融手段に失敗した可能性。,個人購入・販売店意図の混入,追加KWPシード（要実測）,KWP未調査。検索数・CPCを推測していない。
ユニック車 ローン 審査 通らない,車両導入・増車,ローン・リース否決,車両導入の代替資金,5,25,20,10,未評価,60,未調査,,CPC不明,CPC不明,CPC不明,A,完全一致（KWP確認後にフレーズ追加）,50円,車両が必要で既存金融手段に失敗した可能性。,個人購入・販売店意図の混入,追加KWPシード（要実測）,KWP未調査。検索数・CPCを推測していない。
AdBlue 運送会社 支払い,燃料・ETC,カード・引落,燃料・通行費の支払資金,25,20,6,8,未評価,59,未調査,,CPC不明,CPC不明,CPC不明,B,KWP再調査後に判断,—,後払いカード・高速料金の支払期日と入金ギャップ。,,追加KWPシード（要実測）,KWP未調査。検索数・CPCを推測していない。
AdBlue 運送会社 支払い 資金繰り,燃料・ETC,カード・引落,燃料・通行費の支払資金,25,20,6,8,未評価,59,未調査,,CPC不明,CPC不明,CPC不明,B,KWP再調査後に判断,—,後払いカード・高速料金の支払期日と入金ギャップ。,,追加KWPシード（要実測）,KWP未調査。検索数・CPCを推測していない。
ドライバー増員 運送会社 運転資金,受注増・成長資金,先行資金,成長に伴う運転資金,25,20,6,8,未評価,59,未調査,,CPC不明,CPC不明,CPC不明,B,KWP再調査後に判断,—,仕事の増加に対し人件費・燃料・傭車費が先行する局面。,,追加KWPシード（要実測）,KWP未調査。検索数・CPCを推測していない。
ドライバー増員 運送会社 資金繰り,受注増・成長資金,先行資金,成長に伴う運転資金,25,20,6,8,未評価,59,未調査,,CPC不明,CPC不明,CPC不明,B,KWP再調査後に判断,—,仕事の増加に対し人件費・燃料・傭車費が先行する局面。,,追加KWPシード（要実測）,KWP未調査。検索数・CPCを推測していない。
運送会社 AdBlue 運転資金,燃料・ETC,固定費・変動費,燃料・通行費の支払資金,25,20,6,8,未評価,59,未調査,,CPC不明,CPC不明,CPC不明,B,KWP再調査後に判断,—,運送会社を明示した支払資金不足。,,追加KWPシード（要実測）,KWP未調査。検索数・CPCを推測していない。
運送会社 AdBlue 資金繰り,燃料・ETC,固定費・変動費,燃料・通行費の支払資金,25,20,6,8,未評価,59,未調査,,CPC不明,CPC不明,CPC不明,B,KWP再調査後に判断,—,運送会社を明示した支払資金不足。,,追加KWPシード（要実測）,KWP未調査。検索数・CPCを推測していない。
運送会社 ドライバー 給料 運転資金,人件費・保険,先行固定費,固定費の一時的な資金不足,25,20,6,8,未評価,59,未調査,,CPC不明,CPC不明,CPC不明,B,KWP再調査後に判断,—,給与・保険料は先行しやすい固定費。,長期滞納・給与未払いは審査健全度が低い,追加KWPシード（要実測）,KWP未調査。検索数・CPCを推測していない。
運送会社 ドライバー 給料 支払い,人件費・保険,先行固定費,固定費の一時的な資金不足,25,20,6,8,未評価,59,未調査,,CPC不明,CPC不明,CPC不明,B,KWP再調査後に判断,—,給与・保険料は先行しやすい固定費。,長期滞納・給与未払いは審査健全度が低い,追加KWPシード（要実測）,KWP未調査。検索数・CPCを推測していない。
運送会社 ドライバー 給料 資金繰り,人件費・保険,先行固定費,固定費の一時的な資金不足,25,20,6,8,未評価,59,未調査,,CPC不明,CPC不明,CPC不明,B,KWP再調査後に判断,—,給与・保険料は先行しやすい固定費。,長期滞納・給与未払いは審査健全度が低い,追加KWPシード（要実測）,KWP未調査。検索数・CPCを推測していない。
運送会社 ドライバー 賞与 運転資金,人件費・保険,先行固定費,固定費の一時的な資金不足,25,20,6,8,未評価,59,未調査,,CPC不明,CPC不明,CPC不明,B,KWP再調査後に判断,—,給与・保険料は先行しやすい固定費。,長期滞納・給与未払いは審査健全度が低い,追加KWPシード（要実測）,KWP未調査。検索数・CPCを推測していない。
運送会社 ドライバー 賞与 支払い,人件費・保険,先行固定費,固定費の一時的な資金不足,25,20,6,8,未評価,59,未調査,,CPC不明,CPC不明,CPC不明,B,KWP再調査後に判断,—,給与・保険料は先行しやすい固定費。,長期滞納・給与未払いは審査健全度が低い,追加KWPシード（要実測）,KWP未調査。検索数・CPCを推測していない。
運送会社 ドライバー 賞与 資金繰り,人件費・保険,先行固定費,固定費の一時的な資金不足,25,20,6,8,未評価,59,未調査,,CPC不明,CPC不明,CPC不明,B,KWP再調査後に判断,—,給与・保険料は先行しやすい固定費。,長期滞納・給与未払いは審査健全度が低い,追加KWPシード（要実測）,KWP未調査。検索数・CPCを推測していない。
運送会社 運転資金,直接金融・比較,運送業向け資金調達,法人向け事業資金を探す,25,20,6,8,未評価,59,未調査,,CPC不明,CPC不明,CPC不明,B,KWP再調査後に判断,—,案件との整合性が高い対照群。,金融比較・他業種の混入、CPC上昇の可能性,追加KWPシード（要実測）,KWP未調査。検索数・CPCを推測していない。
運送会社 稼働停止 資金繰り,修理・事故・稼働停止,事故・保険金待ち,事故後のつなぎ資金,25,20,6,8,未評価,59,未調査,,CPC不明,CPC不明,CPC不明,B,KWP再調査後に判断,—,事故・保険金待ちで売上停止と支払いが重なる局面。,損害賠償・保険相談だけの可能性,追加KWPシード（要実測）,KWP未調査。検索数・CPCを推測していない。
運送会社 軽油代 運転資金,燃料・ETC,固定費・変動費,燃料・通行費の支払資金,25,20,6,8,未評価,59,未調査,,CPC不明,CPC不明,CPC不明,B,KWP再調査後に判断,—,運送会社を明示した支払資金不足。,,追加KWPシード（要実測）,KWP未調査。検索数・CPCを推測していない。
運送会社 軽油代 資金繰り,燃料・ETC,固定費・変動費,燃料・通行費の支払資金,25,20,6,8,未評価,59,未調査,,CPC不明,CPC不明,CPC不明,B,KWP再調査後に判断,—,運送会社を明示した支払資金不足。,,追加KWPシード（要実測）,KWP未調査。検索数・CPCを推測していない。
運送会社 事故 修理費 資金,修理・事故・稼働停止,事故・保険金待ち,事故後のつなぎ資金,25,12,12,10,未評価,59,未調査,,CPC不明,CPC不明,CPC不明,B,KWP再調査後に判断,—,事故・保険金待ちで売上停止と支払いが重なる局面。,損害賠償・保険相談だけの可能性,追加KWPシード（要実測）,KWP未調査。検索数・CPCを推測していない。
運送会社 車両保険料 運転資金,人件費・保険,先行固定費,固定費の一時的な資金不足,25,20,6,8,未評価,59,未調査,,CPC不明,CPC不明,CPC不明,B,KWP再調査後に判断,—,給与・保険料は先行しやすい固定費。,長期滞納・給与未払いは審査健全度が低い,追加KWPシード（要実測）,KWP未調査。検索数・CPCを推測していない。
運送会社 車両保険料 支払い,人件費・保険,先行固定費,固定費の一時的な資金不足,25,20,6,8,未評価,59,未調査,,CPC不明,CPC不明,CPC不明,B,KWP再調査後に判断,—,給与・保険料は先行しやすい固定費。,長期滞納・給与未払いは審査健全度が低い,追加KWPシード（要実測）,KWP未調査。検索数・CPCを推測していない。
運送会社 車両保険料 資金繰り,人件費・保険,先行固定費,固定費の一時的な資金不足,25,20,6,8,未評価,59,未調査,,CPC不明,CPC不明,CPC不明,B,KWP再調査後に判断,—,給与・保険料は先行しやすい固定費。,長期滞納・給与未払いは審査健全度が低い,追加KWPシード（要実測）,KWP未調査。検索数・CPCを推測していない。
運送会社 借り換え,融資待ち・追加資金,借入整理,資金調達の見直し,25,20,6,8,未評価,59,未調査,,CPC不明,CPC不明,CPC不明,B,KWP再調査後に判断,—,既存借入がある法人の追加調達・条件見直し。,一本化可否は広告主・法令確認が必要,追加KWPシード（要実測）,KWP未調査。検索数・CPCを推測していない。
運送会社 借入 一本化,融資待ち・追加資金,借入整理,資金調達の見直し,25,20,6,8,未評価,59,未調査,,CPC不明,CPC不明,CPC不明,B,KWP再調査後に判断,—,既存借入がある法人の追加調達・条件見直し。,一本化可否は広告主・法令確認が必要,追加KWPシード（要実測）,KWP未調査。検索数・CPCを推測していない。
運送会社 人件費 運転資金,人件費・保険,先行固定費,固定費の一時的な資金不足,25,20,6,8,未評価,59,未調査,,CPC不明,CPC不明,CPC不明,B,KWP再調査後に判断,—,給与・保険料は先行しやすい固定費。,長期滞納・給与未払いは審査健全度が低い,追加KWPシード（要実測）,KWP未調査。検索数・CPCを推測していない。
運送会社 人件費 支払い,人件費・保険,先行固定費,固定費の一時的な資金不足,25,20,6,8,未評価,59,未調査,,CPC不明,CPC不明,CPC不明,B,KWP再調査後に判断,—,給与・保険料は先行しやすい固定費。,長期滞納・給与未払いは審査健全度が低い,追加KWPシード（要実測）,KWP未調査。検索数・CPCを推測していない。
運送会社 人件費 資金繰り,人件費・保険,先行固定費,固定費の一時的な資金不足,25,20,6,8,未評価,59,未調査,,CPC不明,CPC不明,CPC不明,B,KWP再調査後に判断,—,給与・保険料は先行しやすい固定費。,長期滞納・給与未払いは審査健全度が低い,追加KWPシード（要実測）,KWP未調査。検索数・CPCを推測していない。
運送会社 追加融資,直接金融・比較,運送業向け資金調達,法人向け事業資金を探す,25,20,6,8,未評価,59,未調査,,CPC不明,CPC不明,CPC不明,B,KWP再調査後に判断,—,案件との整合性が高い対照群。,金融比較・他業種の混入、CPC上昇の可能性,追加KWPシード（要実測）,KWP未調査。検索数・CPCを推測していない。
運送会社 尿素水 運転資金,燃料・ETC,固定費・変動費,燃料・通行費の支払資金,25,20,6,8,未評価,59,未調査,,CPC不明,CPC不明,CPC不明,B,KWP再調査後に判断,—,運送会社を明示した支払資金不足。,,追加KWPシード（要実測）,KWP未調査。検索数・CPCを推測していない。
運送会社 尿素水 資金繰り,燃料・ETC,固定費・変動費,燃料・通行費の支払資金,25,20,6,8,未評価,59,未調査,,CPC不明,CPC不明,CPC不明,B,KWP再調査後に判断,—,運送会社を明示した支払資金不足。,,追加KWPシード（要実測）,KWP未調査。検索数・CPCを推測していない。
運送会社 任意保険料 運転資金,人件費・保険,先行固定費,固定費の一時的な資金不足,25,20,6,8,未評価,59,未調査,,CPC不明,CPC不明,CPC不明,B,KWP再調査後に判断,—,給与・保険料は先行しやすい固定費。,長期滞納・給与未払いは審査健全度が低い,追加KWPシード（要実測）,KWP未調査。検索数・CPCを推測していない。
運送会社 任意保険料 支払い,人件費・保険,先行固定費,固定費の一時的な資金不足,25,20,6,8,未評価,59,未調査,,CPC不明,CPC不明,CPC不明,B,KWP再調査後に判断,—,給与・保険料は先行しやすい固定費。,長期滞納・給与未払いは審査健全度が低い,追加KWPシード（要実測）,KWP未調査。検索数・CPCを推測していない。
運送会社 任意保険料 資金繰り,人件費・保険,先行固定費,固定費の一時的な資金不足,25,20,6,8,未評価,59,未調査,,CPC不明,CPC不明,CPC不明,B,KWP再調査後に判断,—,給与・保険料は先行しやすい固定費。,長期滞納・給与未払いは審査健全度が低い,追加KWPシード（要実測）,KWP未調査。検索数・CPCを推測していない。
運送会社 複数借入 資金繰り,融資待ち・追加資金,借入整理,資金調達の見直し,25,20,6,8,未評価,59,未調査,,CPC不明,CPC不明,CPC不明,B,KWP再調査後に判断,—,既存借入がある法人の追加調達・条件見直し。,一本化可否は広告主・法令確認が必要,追加KWPシード（要実測）,KWP未調査。検索数・CPCを推測していない。
運送会社 翌々月払い 資金繰り,入金ギャップ,運送会社明示,入金前の支払資金,25,20,6,8,未評価,59,未調査,,CPC不明,CPC不明,CPC不明,B,KWP再調査後に判断,—,運送会社を明示した回収サイト起点の資金不足。,,追加KWPシード（要実測）,KWP未調査。検索数・CPCを推測していない。
運送業 借入 一本化,融資待ち・追加資金,借入整理,資金調達の見直し,25,20,6,8,未評価,59,未調査,,CPC不明,CPC不明,CPC不明,B,KWP再調査後に判断,—,既存借入がある法人の追加調達・条件見直し。,一本化可否は広告主・法令確認が必要,追加KWPシード（要実測）,KWP未調査。検索数・CPCを推測していない。
運送業 追加融資,直接金融・比較,運送業向け資金調達,法人向け事業資金を探す,25,20,6,8,未評価,59,未調査,,CPC不明,CPC不明,CPC不明,B,KWP再調査後に判断,—,案件との整合性が高い対照群。,金融比較・他業種の混入、CPC上昇の可能性,追加KWPシード（要実測）,KWP未調査。検索数・CPCを推測していない。
運賃 入金 資金繰り,入金ギャップ,荷主・元請・売掛金,入金前の支払資金,25,20,6,8,未評価,59,未調査,,CPC不明,CPC不明,CPC不明,B,KWP再調査後に判断,—,荷主・元請からの入金と先払いコストのズレ。,会計・契約条件の情報収集,追加KWPシード（要実測）,KWP未調査。検索数・CPCを推測していない。
運賃 入金 遅い 資金繰り,入金ギャップ,運送会社明示,入金前の支払資金,25,20,6,8,未評価,59,未調査,,CPC不明,CPC不明,CPC不明,B,KWP再調査後に判断,—,運送会社を明示した回収サイト起点の資金不足。,,追加KWPシード（要実測）,KWP未調査。検索数・CPCを推測していない。
運転資金 融資 実行 遅い 運送会社,融資待ち・追加資金,審査・実行待ち,既存調達が間に合わない,25,20,6,8,未評価,59,未調査,,CPC不明,CPC不明,CPC不明,B,KWP再調査後に判断,—,既存の金融手段を使おうとして時間・審査で詰まる局面。,金融KWのためCPC上昇・審査悪化の可能性,追加KWPシード（要実測）,KWP未調査。検索数・CPCを推測していない。
運転資金 融資 借り換え 運送会社,融資待ち・追加資金,審査・実行待ち,既存調達が間に合わない,25,20,6,8,未評価,59,未調査,,CPC不明,CPC不明,CPC不明,B,KWP再調査後に判断,—,既存の金融手段を使おうとして時間・審査で詰まる局面。,金融KWのためCPC上昇・審査悪化の可能性,追加KWPシード（要実測）,KWP未調査。検索数・CPCを推測していない。
運転資金 融資 断られた 運送会社,融資待ち・追加資金,審査・実行待ち,既存調達が間に合わない,25,20,6,8,未評価,59,未調査,,CPC不明,CPC不明,CPC不明,B,KWP再調査後に判断,—,既存の金融手段を使おうとして時間・審査で詰まる局面。,金融KWのためCPC上昇・審査悪化の可能性,追加KWPシード（要実測）,KWP未調査。検索数・CPCを推測していない。
運転資金 融資 追加 運送会社,融資待ち・追加資金,審査・実行待ち,既存調達が間に合わない,25,20,6,8,未評価,59,未調査,,CPC不明,CPC不明,CPC不明,B,KWP再調査後に判断,—,既存の金融手段を使おうとして時間・審査で詰まる局面。,金融KWのためCPC上昇・審査悪化の可能性,追加KWPシード（要実測）,KWP未調査。検索数・CPCを推測していない。
荷主 支払い 遅い 運送会社,入金ギャップ,運送会社明示,入金前の支払資金,25,20,6,8,未評価,59,未調査,,CPC不明,CPC不明,CPC不明,B,KWP再調査後に判断,—,運送会社を明示した回収サイト起点の資金不足。,,追加KWPシード（要実測）,KWP未調査。検索数・CPCを推測していない。
荷主 入金 資金繰り,入金ギャップ,荷主・元請・売掛金,入金前の支払資金,25,20,6,8,未評価,59,未調査,,CPC不明,CPC不明,CPC不明,B,KWP再調査後に判断,—,荷主・元請からの入金と先払いコストのズレ。,会計・契約条件の情報収集,追加KWPシード（要実測）,KWP未調査。検索数・CPCを推測していない。
貨物運送会社 運転資金,直接金融・比較,運送業向け資金調達,法人向け事業資金を探す,25,20,6,8,未評価,59,未調査,,CPC不明,CPC不明,CPC不明,B,KWP再調査後に判断,—,案件との整合性が高い対照群。,金融比較・他業種の混入、CPC上昇の可能性,追加KWPシード（要実測）,KWP未調査。検索数・CPCを推測していない。
貨物運送会社 追加融資,直接金融・比較,運送業向け資金調達,法人向け事業資金を探す,25,20,6,8,未評価,59,未調査,,CPC不明,CPC不明,CPC不明,B,KWP再調査後に判断,—,案件との整合性が高い対照群。,金融比較・他業種の混入、CPC上昇の可能性,追加KWPシード（要実測）,KWP未調査。検索数・CPCを推測していない。
銀行融資 借り換え 運送会社,融資待ち・追加資金,審査・実行待ち,既存調達が間に合わない,25,20,6,8,未評価,59,未調査,,CPC不明,CPC不明,CPC不明,B,KWP再調査後に判断,—,既存の金融手段を使おうとして時間・審査で詰まる局面。,金融KWのためCPC上昇・審査悪化の可能性,追加KWPシード（要実測）,KWP未調査。検索数・CPCを推測していない。
元請 支払い 遅い 運送会社,入金ギャップ,運送会社明示,入金前の支払資金,25,20,6,8,未評価,59,未調査,,CPC不明,CPC不明,CPC不明,B,KWP再調査後に判断,—,運送会社を明示した回収サイト起点の資金不足。,,追加KWPシード（要実測）,KWP未調査。検索数・CPCを推測していない。
元請 入金 資金繰り,入金ギャップ,荷主・元請・売掛金,入金前の支払資金,25,20,6,8,未評価,59,未調査,,CPC不明,CPC不明,CPC不明,B,KWP再調査後に判断,—,荷主・元請からの入金と先払いコストのズレ。,会計・契約条件の情報収集,追加KWPシード（要実測）,KWP未調査。検索数・CPCを推測していない。
公庫融資 借り換え 運送会社,融資待ち・追加資金,審査・実行待ち,既存調達が間に合わない,25,20,6,8,未評価,59,未調査,,CPC不明,CPC不明,CPC不明,B,KWP再調査後に判断,—,既存の金融手段を使おうとして時間・審査で詰まる局面。,金融KWのためCPC上昇・審査悪化の可能性,追加KWPシード（要実測）,KWP未調査。検索数・CPCを推測していない。
事業拡大 運送会社 運転資金,受注増・成長資金,先行資金,成長に伴う運転資金,25,20,6,8,未評価,59,未調査,,CPC不明,CPC不明,CPC不明,B,KWP再調査後に判断,—,仕事の増加に対し人件費・燃料・傭車費が先行する局面。,,追加KWPシード（要実測）,KWP未調査。検索数・CPCを推測していない。
事業拡大 運送会社 資金繰り,受注増・成長資金,先行資金,成長に伴う運転資金,25,20,6,8,未評価,59,未調査,,CPC不明,CPC不明,CPC不明,B,KWP再調査後に判断,—,仕事の増加に対し人件費・燃料・傭車費が先行する局面。,,追加KWPシード（要実測）,KWP未調査。検索数・CPCを推測していない。
追加融資 実行 遅い 運送会社,融資待ち・追加資金,審査・実行待ち,既存調達が間に合わない,25,20,6,8,未評価,59,未調査,,CPC不明,CPC不明,CPC不明,B,KWP再調査後に判断,—,既存の金融手段を使おうとして時間・審査で詰まる局面。,金融KWのためCPC上昇・審査悪化の可能性,追加KWPシード（要実測）,KWP未調査。検索数・CPCを推測していない。
追加融資 借り換え 運送会社,融資待ち・追加資金,審査・実行待ち,既存調達が間に合わない,25,20,6,8,未評価,59,未調査,,CPC不明,CPC不明,CPC不明,B,KWP再調査後に判断,—,既存の金融手段を使おうとして時間・審査で詰まる局面。,金融KWのためCPC上昇・審査悪化の可能性,追加KWPシード（要実測）,KWP未調査。検索数・CPCを推測していない。
追加融資 断られた 運送会社,融資待ち・追加資金,審査・実行待ち,既存調達が間に合わない,25,20,6,8,未評価,59,未調査,,CPC不明,CPC不明,CPC不明,B,KWP再調査後に判断,—,既存の金融手段を使おうとして時間・審査で詰まる局面。,金融KWのためCPC上昇・審査悪化の可能性,追加KWPシード（要実測）,KWP未調査。検索数・CPCを推測していない。
追加融資 追加 運送会社,融資待ち・追加資金,審査・実行待ち,既存調達が間に合わない,25,20,6,8,未評価,59,未調査,,CPC不明,CPC不明,CPC不明,B,KWP再調査後に判断,—,既存の金融手段を使おうとして時間・審査で詰まる局面。,金融KWのためCPC上昇・審査悪化の可能性,追加KWPシード（要実測）,KWP未調査。検索数・CPCを推測していない。
尿素水 運送会社 支払い,燃料・ETC,カード・引落,燃料・通行費の支払資金,25,20,6,8,未評価,59,未調査,,CPC不明,CPC不明,CPC不明,B,KWP再調査後に判断,—,後払いカード・高速料金の支払期日と入金ギャップ。,,追加KWPシード（要実測）,KWP未調査。検索数・CPCを推測していない。
尿素水 運送会社 支払い 資金繰り,燃料・ETC,カード・引落,燃料・通行費の支払資金,25,20,6,8,未評価,59,未調査,,CPC不明,CPC不明,CPC不明,B,KWP再調査後に判断,—,後払いカード・高速料金の支払期日と入金ギャップ。,,追加KWPシード（要実測）,KWP未調査。検索数・CPCを推測していない。
保証協会 融資 借り換え 運送会社,融資待ち・追加資金,審査・実行待ち,既存調達が間に合わない,25,20,6,8,未評価,59,未調査,,CPC不明,CPC不明,CPC不明,B,KWP再調査後に判断,—,既存の金融手段を使おうとして時間・審査で詰まる局面。,金融KWのためCPC上昇・審査悪化の可能性,追加KWPシード（要実測）,KWP未調査。検索数・CPCを推測していない。
ウイング車 リース 審査 落ち,車両導入・増車,ローン・リース否決,車両導入の代替資金,5,25,20,8,未評価,58,未調査,,CPC不明,CPC不明,CPC不明,B,KWP再調査後に判断,—,車両が必要で既存金融手段に失敗した可能性。,個人購入・販売店意図の混入,追加KWPシード（要実測）,KWP未調査。検索数・CPCを推測していない。
ウイング車 リース 組めない,車両導入・増車,ローン・リース否決,車両導入の代替資金,5,25,20,8,未評価,58,未調査,,CPC不明,CPC不明,CPC不明,B,KWP再調査後に判断,—,車両が必要で既存金融手段に失敗した可能性。,個人購入・販売店意図の混入,追加KWPシード（要実測）,KWP未調査。検索数・CPCを推測していない。
ウイング車 ローン 審査 落ち,車両導入・増車,ローン・リース否決,車両導入の代替資金,5,25,20,8,未評価,58,未調査,,CPC不明,CPC不明,CPC不明,B,KWP再調査後に判断,—,車両が必要で既存金融手段に失敗した可能性。,個人購入・販売店意図の混入,追加KWPシード（要実測）,KWP未調査。検索数・CPCを推測していない。
ウイング車 ローン 組めない,車両導入・増車,ローン・リース否決,車両導入の代替資金,5,25,20,8,未評価,58,未調査,,CPC不明,CPC不明,CPC不明,B,KWP再調査後に判断,—,車両が必要で既存金融手段に失敗した可能性。,個人購入・販売店意図の混入,追加KWPシード（要実測）,KWP未調査。検索数・CPCを推測していない。
ウイング車 ローン 否決,車両導入・増車,ローン・リース否決,車両導入の代替資金,5,25,20,8,未評価,58,未調査,,CPC不明,CPC不明,CPC不明,B,KWP再調査後に判断,—,車両が必要で既存金融手段に失敗した可能性。,個人購入・販売店意図の混入,追加KWPシード（要実測）,KWP未調査。検索数・CPCを推測していない。
ユニック車 リース 審査 落ち,車両導入・増車,ローン・リース否決,車両導入の代替資金,5,25,20,8,未評価,58,未調査,,CPC不明,CPC不明,CPC不明,B,KWP再調査後に判断,—,車両が必要で既存金融手段に失敗した可能性。,個人購入・販売店意図の混入,追加KWPシード（要実測）,KWP未調査。検索数・CPCを推測していない。
ユニック車 リース 組めない,車両導入・増車,ローン・リース否決,車両導入の代替資金,5,25,20,8,未評価,58,未調査,,CPC不明,CPC不明,CPC不明,B,KWP再調査後に判断,—,車両が必要で既存金融手段に失敗した可能性。,個人購入・販売店意図の混入,追加KWPシード（要実測）,KWP未調査。検索数・CPCを推測していない。
ユニック車 ローン 審査 落ち,車両導入・増車,ローン・リース否決,車両導入の代替資金,5,25,20,8,未評価,58,未調査,,CPC不明,CPC不明,CPC不明,B,KWP再調査後に判断,—,車両が必要で既存金融手段に失敗した可能性。,個人購入・販売店意図の混入,追加KWPシード（要実測）,KWP未調査。検索数・CPCを推測していない。
ユニック車 ローン 組めない,車両導入・増車,ローン・リース否決,車両導入の代替資金,5,25,20,8,未評価,58,未調査,,CPC不明,CPC不明,CPC不明,B,KWP再調査後に判断,—,車両が必要で既存金融手段に失敗した可能性。,個人購入・販売店意図の混入,追加KWPシード（要実測）,KWP未調査。検索数・CPCを推測していない。
ユニック車 ローン 否決,車両導入・増車,ローン・リース否決,車両導入の代替資金,5,25,20,8,未評価,58,未調査,,CPC不明,CPC不明,CPC不明,B,KWP再調査後に判断,—,車両が必要で既存金融手段に失敗した可能性。,個人購入・販売店意図の混入,追加KWPシード（要実測）,KWP未調査。検索数・CPCを推測していない。
運送業 資金調達,直接金融・比較,運送業向け資金調達,法人向け事業資金を探す,25,12,6,8,7,58,10–100,40,低,344,1101,B,KWP再調査後に判断,—,案件との整合性が高い対照群。,金融比較・他業種の混入、CPC上昇の可能性,KWP raw 2026-08-11,検索数はKWPレンジ。推定検索数は安全側の換算値（0–10=4、10–100=40、100–1000=300、1000–10000=3000）。
受注増 運送会社 先行資金,受注増・成長資金,先行資金,成長に伴う運転資金,25,12,6,15,未評価,58,未調査,,CPC不明,CPC不明,CPC不明,B,KWP再調査後に判断,—,仕事の増加に対し人件費・燃料・傭車費が先行する局面。,,追加KWPシード（要実測）,KWP未調査。検索数・CPCを推測していない。
受注増 運送業 資金,受注増・成長資金,先行資金,成長に伴う運転資金,25,12,6,15,未評価,58,未調査,,CPC不明,CPC不明,CPC不明,B,KWP再調査後に判断,—,仕事の増加に対し人件費・燃料・傭車費が先行する局面。,,追加KWPシード（要実測）,KWP未調査。検索数・CPCを推測していない。
新規荷主 運送会社 先行資金,受注増・成長資金,先行資金,成長に伴う運転資金,25,12,6,15,未評価,58,未調査,,CPC不明,CPC不明,CPC不明,B,KWP再調査後に判断,—,仕事の増加に対し人件費・燃料・傭車費が先行する局面。,,追加KWPシード（要実測）,KWP未調査。検索数・CPCを推測していない。
新規荷主 運送業 資金,受注増・成長資金,先行資金,成長に伴う運転資金,25,12,6,15,未評価,58,未調査,,CPC不明,CPC不明,CPC不明,B,KWP再調査後に判断,—,仕事の増加に対し人件費・燃料・傭車費が先行する局面。,,追加KWPシード（要実測）,KWP未調査。検索数・CPCを推測していない。
新規受注 運送会社 先行資金,受注増・成長資金,先行資金,成長に伴う運転資金,25,12,6,15,未評価,58,未調査,,CPC不明,CPC不明,CPC不明,B,KWP再調査後に判断,—,仕事の増加に対し人件費・燃料・傭車費が先行する局面。,,追加KWPシード（要実測）,KWP未調査。検索数・CPCを推測していない。
新規受注 運送業 資金,受注増・成長資金,先行資金,成長に伴う運転資金,25,12,6,15,未評価,58,未調査,,CPC不明,CPC不明,CPC不明,B,KWP再調査後に判断,—,仕事の増加に対し人件費・燃料・傭車費が先行する局面。,,追加KWPシード（要実測）,KWP未調査。検索数・CPCを推測していない。
増便 運送会社 先行資金,受注増・成長資金,先行資金,成長に伴う運転資金,25,12,6,15,未評価,58,未調査,,CPC不明,CPC不明,CPC不明,B,KWP再調査後に判断,—,仕事の増加に対し人件費・燃料・傭車費が先行する局面。,,追加KWPシード（要実測）,KWP未調査。検索数・CPCを推測していない。
増便 運送業 資金,受注増・成長資金,先行資金,成長に伴う運転資金,25,12,6,15,未評価,58,未調査,,CPC不明,CPC不明,CPC不明,B,KWP再調査後に判断,—,仕事の増加に対し人件費・燃料・傭車費が先行する局面。,,追加KWPシード（要実測）,KWP未調査。検索数・CPCを推測していない。
増便 資金 運送会社,受注増・成長資金,運送特化表現,成長に伴う運転資金,25,12,6,15,未評価,58,未調査,,CPC不明,CPC不明,CPC不明,B,KWP再調査後に判断,—,成長局面を明示するため審査健全度が比較的高い。,,追加KWPシード（要実測）,KWP未調査。検索数・CPCを推測していない。
繁忙期 運送会社 先行資金,受注増・成長資金,先行資金,成長に伴う運転資金,25,12,6,15,未評価,58,未調査,,CPC不明,CPC不明,CPC不明,B,KWP再調査後に判断,—,仕事の増加に対し人件費・燃料・傭車費が先行する局面。,,追加KWPシード（要実測）,KWP未調査。検索数・CPCを推測していない。
繁忙期 運送業 資金,受注増・成長資金,先行資金,成長に伴う運転資金,25,12,6,15,未評価,58,未調査,,CPC不明,CPC不明,CPC不明,B,KWP再調査後に判断,—,仕事の増加に対し人件費・燃料・傭車費が先行する局面。,,追加KWPシード（要実測）,KWP未調査。検索数・CPCを推測していない。
ETCカード 法人 支払い,燃料・ETC,カード・引落,燃料・通行費の支払資金,15,20,12,10,未評価,57,未調査,,CPC不明,CPC不明,CPC不明,B,KWP再調査後に判断,—,後払いカード・高速料金の支払期日と入金ギャップ。,,追加KWPシード（要実測）,KWP未調査。検索数・CPCを推測していない。
ETCカード 法人 支払い 資金繰り,燃料・ETC,カード・引落,燃料・通行費の支払資金,15,20,12,10,未評価,57,未調査,,CPC不明,CPC不明,CPC不明,B,KWP再調査後に判断,—,後払いカード・高速料金の支払期日と入金ギャップ。,,追加KWPシード（要実測）,KWP未調査。検索数・CPCを推測していない。
トラック 事故車 買い替え 資金,修理・事故・稼働停止,事故・保険金待ち,事故後のつなぎ資金,15,12,20,10,未評価,57,未調査,,CPC不明,CPC不明,CPC不明,B,KWP再調査後に判断,—,事故・保険金待ちで売上停止と支払いが重なる局面。,損害賠償・保険相談だけの可能性,追加KWPシード（要実測）,KWP未調査。検索数・CPCを推測していない。
トレーラー 修理 資金,修理・事故・稼働停止,修理費支払,稼働継続の緊急資金,15,12,20,10,未評価,57,未調査,,CPC不明,CPC不明,CPC不明,B,KWP再調査後に判断,—,稼働停止回避・高額修理の資金需要。,修理業者探し・工賃相場の混入,追加KWPシード（要実測）,KWP未調査。検索数・CPCを推測していない。
外注費 支払い 入金前,傭車・外注,協力会社・外注,協力会社等への支払原資,5,25,12,15,未評価,57,未調査,,CPC不明,CPC不明,CPC不明,B,KWP再調査後に判断,—,運送会社の下請け・外注支払いの資金ギャップ。,,追加KWPシード（要実測）,KWP未調査。検索数・CPCを推測していない。
大型トラック DPF 修理 資金,修理・事故・稼働停止,部品・重整備,稼働継続の緊急資金,15,12,20,10,未評価,57,未調査,,CPC不明,CPC不明,CPC不明,B,KWP再調査後に判断,—,エンジン・ミッション等の重整備は一括支払困難のシグナル。,修理方法の情報収集,追加KWPシード（要実測）,KWP未調査。検索数・CPCを推測していない。
大型トラック エンジン 修理 資金,修理・事故・稼働停止,部品・重整備,稼働継続の緊急資金,15,12,20,10,未評価,57,未調査,,CPC不明,CPC不明,CPC不明,B,KWP再調査後に判断,—,エンジン・ミッション等の重整備は一括支払困難のシグナル。,修理方法の情報収集,追加KWPシード（要実測）,KWP未調査。検索数・CPCを推測していない。
大型トラック クラッチ 修理 資金,修理・事故・稼働停止,部品・重整備,稼働継続の緊急資金,15,12,20,10,未評価,57,未調査,,CPC不明,CPC不明,CPC不明,B,KWP再調査後に判断,—,エンジン・ミッション等の重整備は一括支払困難のシグナル。,修理方法の情報収集,追加KWPシード（要実測）,KWP未調査。検索数・CPCを推測していない。
大型トラック ターボ 修理 資金,修理・事故・稼働停止,部品・重整備,稼働継続の緊急資金,15,12,20,10,未評価,57,未調査,,CPC不明,CPC不明,CPC不明,B,KWP再調査後に判断,—,エンジン・ミッション等の重整備は一括支払困難のシグナル。,修理方法の情報収集,追加KWPシード（要実測）,KWP未調査。検索数・CPCを推測していない。
大型トラック デフ 修理 資金,修理・事故・稼働停止,部品・重整備,稼働継続の緊急資金,15,12,20,10,未評価,57,未調査,,CPC不明,CPC不明,CPC不明,B,KWP再調査後に判断,—,エンジン・ミッション等の重整備は一括支払困難のシグナル。,修理方法の情報収集,追加KWPシード（要実測）,KWP未調査。検索数・CPCを推測していない。
大型トラック ミッション 修理 資金,修理・事故・稼働停止,部品・重整備,稼働継続の緊急資金,15,12,20,10,未評価,57,未調査,,CPC不明,CPC不明,CPC不明,B,KWP再調査後に判断,—,エンジン・ミッション等の重整備は一括支払困難のシグナル。,修理方法の情報収集,追加KWPシード（要実測）,KWP未調査。検索数・CPCを推測していない。
大型トラック ラジエーター 修理 資金,修理・事故・稼働停止,部品・重整備,稼働継続の緊急資金,15,12,20,10,未評価,57,未調査,,CPC不明,CPC不明,CPC不明,B,KWP再調査後に判断,—,エンジン・ミッション等の重整備は一括支払困難のシグナル。,修理方法の情報収集,追加KWPシード（要実測）,KWP未調査。検索数・CPCを推測していない。
大型トラック 修理 資金,修理・事故・稼働停止,修理費支払,稼働継続の緊急資金,15,12,20,10,未評価,57,未調査,,CPC不明,CPC不明,CPC不明,B,KWP再調査後に判断,—,稼働停止回避・高額修理の資金需要。,修理業者探し・工賃相場の混入,追加KWPシード（要実測）,KWP未調査。検索数・CPCを推測していない。
大型トラック 冷凍機 修理 資金,修理・事故・稼働停止,部品・重整備,稼働継続の緊急資金,15,12,20,10,未評価,57,未調査,,CPC不明,CPC不明,CPC不明,B,KWP再調査後に判断,—,エンジン・ミッション等の重整備は一括支払困難のシグナル。,修理方法の情報収集,追加KWPシード（要実測）,KWP未調査。検索数・CPCを推測していない。
燃料カード 支払い 入金前,燃料・ETC,カード・引落,燃料・通行費の支払資金,5,25,12,15,未評価,57,未調査,,CPC不明,CPC不明,CPC不明,B,KWP再調査後に判断,—,後払いカード・高速料金の支払期日と入金ギャップ。,,追加KWPシード（要実測）,KWP未調査。検索数・CPCを推測していない。
冷凍車 修理 資金,修理・事故・稼働停止,修理費支払,稼働継続の緊急資金,15,12,20,10,未評価,57,未調査,,CPC不明,CPC不明,CPC不明,B,KWP再調査後に判断,—,稼働停止回避・高額修理の資金需要。,修理業者探し・工賃相場の混入,追加KWPシード（要実測）,KWP未調査。検索数・CPCを推測していない。
トラック DPF 修理代 払えない,修理・事故・稼働停止,部品・重整備,稼働継続の緊急資金,15,25,6,10,未評価,56,未調査,,CPC不明,CPC不明,CPC不明,B,KWP再調査後に判断,—,エンジン・ミッション等の重整備は一括支払困難のシグナル。,修理方法の情報収集,追加KWPシード（要実測）,KWP未調査。検索数・CPCを推測していない。
トラック クラッチ 修理代 払えない,修理・事故・稼働停止,部品・重整備,稼働継続の緊急資金,15,25,6,10,未評価,56,未調査,,CPC不明,CPC不明,CPC不明,B,KWP再調査後に判断,—,エンジン・ミッション等の重整備は一括支払困難のシグナル。,修理方法の情報収集,追加KWPシード（要実測）,KWP未調査。検索数・CPCを推測していない。
トラック ターボ 修理代 払えない,修理・事故・稼働停止,部品・重整備,稼働継続の緊急資金,15,25,6,10,未評価,56,未調査,,CPC不明,CPC不明,CPC不明,B,KWP再調査後に判断,—,エンジン・ミッション等の重整備は一括支払困難のシグナル。,修理方法の情報収集,追加KWPシード（要実測）,KWP未調査。検索数・CPCを推測していない。
トラック デフ 修理代 払えない,修理・事故・稼働停止,部品・重整備,稼働継続の緊急資金,15,25,6,10,未評価,56,未調査,,CPC不明,CPC不明,CPC不明,B,KWP再調査後に判断,—,エンジン・ミッション等の重整備は一括支払困難のシグナル。,修理方法の情報収集,追加KWPシード（要実測）,KWP未調査。検索数・CPCを推測していない。
トラック ラジエーター 修理代 払えない,修理・事故・稼働停止,部品・重整備,稼働継続の緊急資金,15,25,6,10,未評価,56,未調査,,CPC不明,CPC不明,CPC不明,B,KWP再調査後に判断,—,エンジン・ミッション等の重整備は一括支払困難のシグナル。,修理方法の情報収集,追加KWPシード（要実測）,KWP未調査。検索数・CPCを推測していない。
トラック 修理代 一括 払えない,修理・事故・稼働停止,修理費支払,稼働継続の緊急資金,15,25,6,10,未評価,56,未調査,,CPC不明,CPC不明,CPC不明,B,KWP再調査後に判断,—,稼働停止回避・高額修理の資金需要。,修理業者探し・工賃相場の混入,追加KWPシード（要実測）,KWP未調査。検索数・CPCを推測していない。
トラック 修理費 一括 払えない,KWP再調査優先,短い業界シード,関連候補の発見,15,25,6,10,未評価,56,未調査,,CPC不明,CPC不明,CPC不明,B,KWP再調査後に判断,—,短い種語または高意図の自然文。単独出稿可否はKWP関連候補と検索語句で確認する。,短い種語は説明・会計意図も混在する,追加KWPシード（要実測）,KWP未調査。検索数・CPCを推測していない。
トラック 修理費 払えない,修理・事故・稼働停止,修理費支払,稼働継続の緊急資金,15,25,6,10,未評価,56,未調査,,CPC不明,CPC不明,CPC不明,B,KWP再調査後に判断,—,稼働停止回避・高額修理の資金需要。,修理業者探し・工賃相場の混入,追加KWPシード（要実測）,KWP未調査。検索数・CPCを推測していない。
トラック 頭金 足りない,車両導入・増車,購入・頭金・増車,車両導入の先行資金,15,25,6,10,未評価,56,未調査,,CPC不明,CPC不明,CPC不明,B,KWP再調査後に判断,—,車両購入・増車は300万円以上の資金需要へつながりやすい。,個人購入・販売店意図の混入,追加KWPシード（要実測）,KWP未調査。検索数・CPCを推測していない。
トラック 冷凍機 修理代 払えない,修理・事故・稼働停止,部品・重整備,稼働継続の緊急資金,15,25,6,10,未評価,56,未調査,,CPC不明,CPC不明,CPC不明,B,KWP再調査後に判断,—,エンジン・ミッション等の重整備は一括支払困難のシグナル。,修理方法の情報収集,追加KWPシード（要実測）,KWP未調査。検索数・CPCを推測していない。
運送会社 社会保険 払えない,人件費・保険,末期除外,審査困難,25,25,6,0,未評価,56,未調査,,CPC不明,CPC不明,CPC不明,B,KWP再調査後に判断,—,末期的な資金難・法的問題は初期出稿から外す。,審査健全度が低い,追加KWPシード（要実測）,KWP未調査。検索数・CPCを推測していない。
運送会社 社会保険料 支払い 間に合わない,人件費・保険,先行固定費,固定費の一時的な資金不足,25,25,6,0,未評価,56,未調査,,CPC不明,CPC不明,CPC不明,B,KWP再調査後に判断,—,給与・保険料は先行しやすい固定費。,長期滞納・給与未払いは審査健全度が低い,追加KWPシード（要実測）,KWP未調査。検索数・CPCを推測していない。
中古トラック 頭金 足りない,車両導入・増車,購入・頭金・増車,車両導入の先行資金,15,25,6,10,未評価,56,未調査,,CPC不明,CPC不明,CPC不明,B,KWP再調査後に判断,—,車両購入・増車は300万円以上の資金需要へつながりやすい。,個人購入・販売店意図の混入,追加KWPシード（要実測）,KWP未調査。検索数・CPCを推測していない。
物流車両 頭金 足りない,車両導入・増車,購入・頭金・増車,車両導入の先行資金,15,25,6,10,未評価,56,未調査,,CPC不明,CPC不明,CPC不明,B,KWP再調査後に判断,—,車両購入・増車は300万円以上の資金需要へつながりやすい。,個人購入・販売店意図の混入,追加KWPシード（要実測）,KWP未調査。検索数・CPCを推測していない。
平ボディ トラック 頭金 足りない,車両導入・増車,購入・頭金・増車,車両導入の先行資金,15,25,6,10,未評価,56,未調査,,CPC不明,CPC不明,CPC不明,B,KWP再調査後に判断,—,車両購入・増車は300万円以上の資金需要へつながりやすい。,個人購入・販売店意図の混入,追加KWPシード（要実測）,KWP未調査。検索数・CPCを推測していない。
ダンプ 購入 資金,車両導入・増車,購入・頭金・増車,車両導入の先行資金,15,12,20,8,未評価,55,未調査,,CPC不明,CPC不明,CPC不明,B,KWP再調査後に判断,—,車両購入・増車は300万円以上の資金需要へつながりやすい。,個人購入・販売店意図の混入,追加KWPシード（要実測）,KWP未調査。検索数・CPCを推測していない。
ダンプ 購入 自己資金 足りない,車両導入・増車,購入・頭金・増車,車両導入の先行資金,15,12,20,8,未評価,55,未調査,,CPC不明,CPC不明,CPC不明,B,KWP再調査後に判断,—,車両購入・増車は300万円以上の資金需要へつながりやすい。,個人購入・販売店意図の混入,追加KWPシード（要実測）,KWP未調査。検索数・CPCを推測していない。
ダンプ 買い替え 資金,車両導入・増車,購入・頭金・増車,車両導入の先行資金,15,12,20,8,未評価,55,未調査,,CPC不明,CPC不明,CPC不明,B,KWP再調査後に判断,—,車両購入・増車は300万円以上の資金需要へつながりやすい。,個人購入・販売店意図の混入,追加KWPシード（要実測）,KWP未調査。検索数・CPCを推測していない。
トラック 購入 資金,車両導入・増車,購入・頭金・増車,車両導入の先行資金,15,12,20,8,未評価,55,未調査,,CPC不明,CPC不明,CPC不明,B,KWP再調査後に判断,—,車両購入・増車は300万円以上の資金需要へつながりやすい。,個人購入・販売店意図の混入,追加KWPシード（要実測）,KWP未調査。検索数・CPCを推測していない。
トラック 購入 自己資金 足りない,車両導入・増車,購入・頭金・増車,車両導入の先行資金,15,12,20,8,未評価,55,未調査,,CPC不明,CPC不明,CPC不明,B,KWP再調査後に判断,—,車両購入・増車は300万円以上の資金需要へつながりやすい。,個人購入・販売店意図の混入,追加KWPシード（要実測）,KWP未調査。検索数・CPCを推測していない。
トラック 買い替え 資金,車両導入・増車,購入・頭金・増車,車両導入の先行資金,15,12,20,8,未評価,55,未調査,,CPC不明,CPC不明,CPC不明,B,KWP再調査後に判断,—,車両購入・増車は300万円以上の資金需要へつながりやすい。,個人購入・販売店意図の混入,追加KWPシード（要実測）,KWP未調査。検索数・CPCを推測していない。
トレーラー 購入 資金,車両導入・増車,購入・頭金・増車,車両導入の先行資金,15,12,20,8,未評価,55,未調査,,CPC不明,CPC不明,CPC不明,B,KWP再調査後に判断,—,車両購入・増車は300万円以上の資金需要へつながりやすい。,個人購入・販売店意図の混入,追加KWPシード（要実測）,KWP未調査。検索数・CPCを推測していない。
トレーラー 購入 自己資金 足りない,車両導入・増車,購入・頭金・増車,車両導入の先行資金,15,12,20,8,未評価,55,未調査,,CPC不明,CPC不明,CPC不明,B,KWP再調査後に判断,—,車両購入・増車は300万円以上の資金需要へつながりやすい。,個人購入・販売店意図の混入,追加KWPシード（要実測）,KWP未調査。検索数・CPCを推測していない。
トレーラー 買い替え 資金,車両導入・増車,購入・頭金・増車,車両導入の先行資金,15,12,20,8,未評価,55,未調査,,CPC不明,CPC不明,CPC不明,B,KWP再調査後に判断,—,車両購入・増車は300万円以上の資金需要へつながりやすい。,個人購入・販売店意図の混入,追加KWPシード（要実測）,KWP未調査。検索数・CPCを推測していない。
大型トラック 購入 資金,車両導入・増車,購入・頭金・増車,車両導入の先行資金,15,12,20,8,未評価,55,未調査,,CPC不明,CPC不明,CPC不明,B,KWP再調査後に判断,—,車両購入・増車は300万円以上の資金需要へつながりやすい。,個人購入・販売店意図の混入,追加KWPシード（要実測）,KWP未調査。検索数・CPCを推測していない。
大型トラック 購入 自己資金 足りない,車両導入・増車,購入・頭金・増車,車両導入の先行資金,15,12,20,8,未評価,55,未調査,,CPC不明,CPC不明,CPC不明,B,KWP再調査後に判断,—,車両購入・増車は300万円以上の資金需要へつながりやすい。,個人購入・販売店意図の混入,追加KWPシード（要実測）,KWP未調査。検索数・CPCを推測していない。
大型トラック 買い替え 資金,車両導入・増車,購入・頭金・増車,車両導入の先行資金,15,12,20,8,未評価,55,未調査,,CPC不明,CPC不明,CPC不明,B,KWP再調査後に判断,—,車両購入・増車は300万円以上の資金需要へつながりやすい。,個人購入・販売店意図の混入,追加KWPシード（要実測）,KWP未調査。検索数・CPCを推測していない。
中古トラック 購入 資金,車両導入・増車,購入・頭金・増車,車両導入の先行資金,15,12,20,8,未評価,55,未調査,,CPC不明,CPC不明,CPC不明,B,KWP再調査後に判断,—,車両購入・増車は300万円以上の資金需要へつながりやすい。,個人購入・販売店意図の混入,追加KWPシード（要実測）,KWP未調査。検索数・CPCを推測していない。
中古トラック 購入 自己資金 足りない,車両導入・増車,購入・頭金・増車,車両導入の先行資金,15,12,20,8,未評価,55,未調査,,CPC不明,CPC不明,CPC不明,B,KWP再調査後に判断,—,車両購入・増車は300万円以上の資金需要へつながりやすい。,個人購入・販売店意図の混入,追加KWPシード（要実測）,KWP未調査。検索数・CPCを推測していない。
中古トラック 買い替え 資金,車両導入・増車,購入・頭金・増車,車両導入の先行資金,15,12,20,8,未評価,55,未調査,,CPC不明,CPC不明,CPC不明,B,KWP再調査後に判断,—,車両購入・増車は300万円以上の資金需要へつながりやすい。,個人購入・販売店意図の混入,追加KWPシード（要実測）,KWP未調査。検索数・CPCを推測していない。
物流車両 購入 資金,車両導入・増車,購入・頭金・増車,車両導入の先行資金,15,12,20,8,未評価,55,未調査,,CPC不明,CPC不明,CPC不明,B,KWP再調査後に判断,—,車両購入・増車は300万円以上の資金需要へつながりやすい。,個人購入・販売店意図の混入,追加KWPシード（要実測）,KWP未調査。検索数・CPCを推測していない。
物流車両 購入 自己資金 足りない,車両導入・増車,購入・頭金・増車,車両導入の先行資金,15,12,20,8,未評価,55,未調査,,CPC不明,CPC不明,CPC不明,B,KWP再調査後に判断,—,車両購入・増車は300万円以上の資金需要へつながりやすい。,個人購入・販売店意図の混入,追加KWPシード（要実測）,KWP未調査。検索数・CPCを推測していない。
物流車両 買い替え 資金,車両導入・増車,購入・頭金・増車,車両導入の先行資金,15,12,20,8,未評価,55,未調査,,CPC不明,CPC不明,CPC不明,B,KWP再調査後に判断,—,車両購入・増車は300万円以上の資金需要へつながりやすい。,個人購入・販売店意図の混入,追加KWPシード（要実測）,KWP未調査。検索数・CPCを推測していない。
平ボディ トラック 購入 資金,車両導入・増車,購入・頭金・増車,車両導入の先行資金,15,12,20,8,未評価,55,未調査,,CPC不明,CPC不明,CPC不明,B,KWP再調査後に判断,—,車両購入・増車は300万円以上の資金需要へつながりやすい。,個人購入・販売店意図の混入,追加KWPシード（要実測）,KWP未調査。検索数・CPCを推測していない。
平ボディ トラック 購入 自己資金 足りない,車両導入・増車,購入・頭金・増車,車両導入の先行資金,15,12,20,8,未評価,55,未調査,,CPC不明,CPC不明,CPC不明,B,KWP再調査後に判断,—,車両購入・増車は300万円以上の資金需要へつながりやすい。,個人購入・販売店意図の混入,追加KWPシード（要実測）,KWP未調査。検索数・CPCを推測していない。
平ボディ トラック 買い替え 資金,車両導入・増車,購入・頭金・増車,車両導入の先行資金,15,12,20,8,未評価,55,未調査,,CPC不明,CPC不明,CPC不明,B,KWP再調査後に判断,—,車両購入・増車は300万円以上の資金需要へつながりやすい。,個人購入・販売店意図の混入,追加KWPシード（要実測）,KWP未調査。検索数・CPCを推測していない。
冷凍車 購入 資金,車両導入・増車,購入・頭金・増車,車両導入の先行資金,15,12,20,8,未評価,55,未調査,,CPC不明,CPC不明,CPC不明,B,KWP再調査後に判断,—,車両購入・増車は300万円以上の資金需要へつながりやすい。,個人購入・販売店意図の混入,追加KWPシード（要実測）,KWP未調査。検索数・CPCを推測していない。
冷凍車 購入 自己資金 足りない,車両導入・増車,購入・頭金・増車,車両導入の先行資金,15,12,20,8,未評価,55,未調査,,CPC不明,CPC不明,CPC不明,B,KWP再調査後に判断,—,車両購入・増車は300万円以上の資金需要へつながりやすい。,個人購入・販売店意図の混入,追加KWPシード（要実測）,KWP未調査。検索数・CPCを推測していない。
冷凍車 買い替え 資金,車両導入・増車,購入・頭金・増車,車両導入の先行資金,15,12,20,8,未評価,55,未調査,,CPC不明,CPC不明,CPC不明,B,KWP再調査後に判断,—,車両購入・増車は300万円以上の資金需要へつながりやすい。,個人購入・販売店意図の混入,追加KWPシード（要実測）,KWP未調査。検索数・CPCを推測していない。
運送会社 車両 修理 資金,修理・事故・稼働停止,修理費支払,稼働継続の緊急資金,25,12,6,10,未評価,53,未調査,,CPC不明,CPC不明,CPC不明,B,KWP再調査後に判断,—,稼働停止回避・高額修理の資金需要。,修理業者探し・工賃相場の混入,追加KWPシード（要実測）,KWP未調査。検索数・CPCを推測していない。
運送会社 車両修理 資金,既存配信監査,既存設定,既存Google広告キーワード,25,12,6,10,未評価,53,未調査,,CPC不明,CPC不明,CPC不明,B,KWP再調査後に判断,—,既存設定との差分・重複を確認するために記録。,,追加KWPシード（要実測）,KWP未調査。検索数・CPCを推測していない。
ウイング車 増車 ローン,車両導入・増車,購入・頭金・増車,車両導入の先行資金,5,12,20,15,未評価,52,未調査,,CPC不明,CPC不明,CPC不明,B,KWP再調査後に判断,—,車両購入・増車は300万円以上の資金需要へつながりやすい。,個人購入・販売店意図の混入,追加KWPシード（要実測）,KWP未調査。検索数・CPCを推測していない。
ウイング車 増車 資金,車両導入・増車,購入・頭金・増車,車両導入の先行資金,5,12,20,15,未評価,52,未調査,,CPC不明,CPC不明,CPC不明,B,KWP再調査後に判断,—,車両購入・増車は300万円以上の資金需要へつながりやすい。,個人購入・販売店意図の混入,追加KWPシード（要実測）,KWP未調査。検索数・CPCを推測していない。
ウイング車 増台 資金,車両導入・増車,購入・頭金・増車,車両導入の先行資金,5,12,20,15,未評価,52,未調査,,CPC不明,CPC不明,CPC不明,B,KWP再調査後に判断,—,車両購入・増車は300万円以上の資金需要へつながりやすい。,個人購入・販売店意図の混入,追加KWPシード（要実測）,KWP未調査。検索数・CPCを推測していない。
ユニック車 増車 ローン,車両導入・増車,購入・頭金・増車,車両導入の先行資金,5,12,20,15,未評価,52,未調査,,CPC不明,CPC不明,CPC不明,B,KWP再調査後に判断,—,車両購入・増車は300万円以上の資金需要へつながりやすい。,個人購入・販売店意図の混入,追加KWPシード（要実測）,KWP未調査。検索数・CPCを推測していない。
ユニック車 増車 資金,車両導入・増車,購入・頭金・増車,車両導入の先行資金,5,12,20,15,未評価,52,未調査,,CPC不明,CPC不明,CPC不明,B,KWP再調査後に判断,—,車両購入・増車は300万円以上の資金需要へつながりやすい。,個人購入・販売店意図の混入,追加KWPシード（要実測）,KWP未調査。検索数・CPCを推測していない。
ユニック車 増台 資金,車両導入・増車,購入・頭金・増車,車両導入の先行資金,5,12,20,15,未評価,52,未調査,,CPC不明,CPC不明,CPC不明,B,KWP再調査後に判断,—,車両購入・増車は300万円以上の資金需要へつながりやすい。,個人購入・販売店意図の混入,追加KWPシード（要実測）,KWP未調査。検索数・CPCを推測していない。
受注増 傭車代,受注増・成長資金,運送特化表現,成長に伴う運転資金,25,0,12,15,未評価,52,未調査,,CPC不明,CPC不明,CPC不明,B,KWP再調査後に判断,—,成長局面を明示するため審査健全度が比較的高い。,,追加KWPシード（要実測）,KWP未調査。検索数・CPCを推測していない。
燃料カード 引き落とし 間に合わない,燃料・ETC,カード・引落,燃料・通行費の支払資金,5,25,12,10,未評価,52,未調査,,CPC不明,CPC不明,CPC不明,B,KWP再調査後に判断,—,後払いカード・高速料金の支払期日と入金ギャップ。,,追加KWPシード（要実測）,KWP未調査。検索数・CPCを推測していない。
燃料カード 残高不足,燃料・ETC,カード・引落,燃料・通行費の支払資金,5,25,12,10,未評価,52,未調査,,CPC不明,CPC不明,CPC不明,B,KWP再調査後に判断,—,後払いカード・高速料金の支払期日と入金ギャップ。,,追加KWPシード（要実測）,KWP未調査。検索数・CPCを推測していない。
燃料カード 利用停止,燃料・ETC,カード・引落,燃料・通行費の支払資金,5,25,12,10,未評価,52,未調査,,CPC不明,CPC不明,CPC不明,B,KWP再調査後に判断,—,後払いカード・高速料金の支払期日と入金ギャップ。,,追加KWPシード（要実測）,KWP未調査。検索数・CPCを推測していない。
傭車代,既存KWP観測,短い種語・対照,KWP実測のある対照語,25,0,12,15,未評価,52,10–100,40,低,CPC不明,CPC不明,B,KWP再調査後に判断,—,過去のKWP観測を漏れなく比較対象に残す。単独出稿の可否は別途評価。,短い語は販売・情報収集意図を含む場合がある,KWP観測 2026-08-12,検索数はKWPレンジ。推定検索数は安全側の換算値（0–10=4、10–100=40、100–1000=300、1000–10000=3000）。
傭車代 支払日,傭車・外注,傭車支払,協力会社等への支払原資,25,0,12,15,未評価,52,未調査,,CPC不明,CPC不明,CPC不明,B,KWP再調査後に判断,—,運送業の協力会社・傭車支払に直結する業界語。,,追加KWPシード（要実測）,KWP未調査。検索数・CPCを推測していない。
傭車費,KWP再調査優先,短い業界シード,関連候補の発見,25,0,12,15,未評価,52,100–1000,300,低,CPC不明,CPC不明,B,KWP再調査後に判断,—,短い種語または高意図の自然文。単独出稿可否はKWP関連候補と検索語句で確認する。,短い種語は説明・会計意図も混在する,KWP観測 2026-08-12,検索数はKWPレンジ。推定検索数は安全側の換算値（0–10=4、10–100=40、100–1000=300、1000–10000=3000）。
傭車費 外注費,既存KWP観測,短い種語・対照,KWP実測のある対照語,25,0,12,15,未評価,52,10–100,40,低,CPC不明,CPC不明,B,KWP再調査後に判断,—,過去のKWP観測を漏れなく比較対象に残す。単独出稿の可否は別途評価。,短い語は販売・情報収集意図を含む場合がある,KWP観測 2026-08-12,検索数はKWPレンジ。推定検索数は安全側の換算値（0–10=4、10–100=40、100–1000=300、1000–10000=3000）。
傭車費 支払日,傭車・外注,傭車支払,協力会社等への支払原資,25,0,12,15,未評価,52,未調査,,CPC不明,CPC不明,CPC不明,B,KWP再調査後に判断,—,運送業の協力会社・傭車支払に直結する業界語。,,追加KWPシード（要実測）,KWP未調査。検索数・CPCを推測していない。
庸車代,既存KWP観測,短い種語・対照,KWP実測のある対照語,25,0,12,15,未評価,52,10–100,40,低,CPC不明,CPC不明,B,KWP再調査後に判断,—,過去のKWP観測を漏れなく比較対象に残す。単独出稿の可否は別途評価。,短い語は販売・情報収集意図を含む場合がある,KWP観測 2026-08-12,検索数はKWPレンジ。推定検索数は安全側の換算値（0–10=4、10–100=40、100–1000=300、1000–10000=3000）。
庸車代 支払日,傭車・外注,傭車支払,協力会社等への支払原資,25,0,12,15,未評価,52,未調査,,CPC不明,CPC不明,CPC不明,B,KWP再調査後に判断,—,運送業の協力会社・傭車支払に直結する業界語。,,追加KWPシード（要実測）,KWP未調査。検索数・CPCを推測していない。
庸車費,既存KWP観測,短い種語・対照,KWP実測のある対照語,25,0,12,15,未評価,52,10–100,40,低,CPC不明,CPC不明,B,KWP再調査後に判断,—,過去のKWP観測を漏れなく比較対象に残す。単独出稿の可否は別途評価。,短い語は販売・情報収集意図を含む場合がある,KWP観測 2026-08-12,検索数はKWPレンジ。推定検索数は安全側の換算値（0–10=4、10–100=40、100–1000=300、1000–10000=3000）。
庸車費 支払日,傭車・外注,傭車支払,協力会社等への支払原資,25,0,12,15,未評価,52,未調査,,CPC不明,CPC不明,CPC不明,B,KWP再調査後に判断,—,運送業の協力会社・傭車支払に直結する業界語。,,追加KWPシード（要実測）,KWP未調査。検索数・CPCを推測していない。
ガソリンカード 支払い 入金前,燃料・ETC,カード・引落,燃料・通行費の支払資金,5,25,6,15,未評価,51,未調査,,CPC不明,CPC不明,CPC不明,B,KWP再調査後に判断,—,後払いカード・高速料金の支払期日と入金ギャップ。,,追加KWPシード（要実測）,KWP未調査。検索数・CPCを推測していない。
デジタコ 導入 資金 運送会社,設備・拠点投資,設備導入,設備投資資金,25,12,6,8,未評価,51,未調査,,CPC不明,CPC不明,CPC不明,B,KWP再調査後に判断,—,法人の設備投資・拠点整備に伴うまとまった需要。,補助金・製品比較意図の混入,追加KWPシード（要実測）,KWP未調査。検索数・CPCを推測していない。
ドライバー増員 運送会社 先行資金,受注増・成長資金,先行資金,成長に伴う運転資金,25,12,6,8,未評価,51,未調査,,CPC不明,CPC不明,CPC不明,B,KWP再調査後に判断,—,仕事の増加に対し人件費・燃料・傭車費が先行する局面。,,追加KWPシード（要実測）,KWP未調査。検索数・CPCを推測していない。
ドライバー増員 運送業 資金,受注増・成長資金,先行資金,成長に伴う運転資金,25,12,6,8,未評価,51,未調査,,CPC不明,CPC不明,CPC不明,B,KWP再調査後に判断,—,仕事の増加に対し人件費・燃料・傭車費が先行する局面。,,追加KWPシード（要実測）,KWP未調査。検索数・CPCを推測していない。
トラック 修理代 立替,修理・事故・稼働停止,修理費支払,稼働継続の緊急資金,15,20,6,10,未評価,51,未調査,,CPC不明,CPC不明,CPC不明,B,KWP再調査後に判断,—,稼働停止回避・高額修理の資金需要。,修理業者探し・工賃相場の混入,追加KWPシード（要実測）,KWP未調査。検索数・CPCを推測していない。
トラック 修理費 支払い,修理・事故・稼働停止,修理費支払,稼働継続の緊急資金,15,20,6,10,未評価,51,未調査,,CPC不明,CPC不明,CPC不明,B,KWP再調査後に判断,—,稼働停止回避・高額修理の資金需要。,修理業者探し・工賃相場の混入,追加KWPシード（要実測）,KWP未調査。検索数・CPCを推測していない。
運行管理システム 導入 資金 運送会社,設備・拠点投資,設備導入,設備投資資金,25,12,6,8,未評価,51,未調査,,CPC不明,CPC不明,CPC不明,B,KWP再調査後に判断,—,法人の設備投資・拠点整備に伴うまとまった需要。,補助金・製品比較意図の混入,追加KWPシード（要実測）,KWP未調査。検索数・CPCを推測していない。
運送会社 つなぎ資金,直接金融・比較,運送業向け資金調達,法人向け事業資金を探す,25,12,6,8,未評価,51,未調査,,CPC不明,CPC不明,CPC不明,B,KWP再調査後に判断,—,案件との整合性が高い対照群。,金融比較・他業種の混入、CPC上昇の可能性,追加KWPシード（要実測）,KWP未調査。検索数・CPCを推測していない。
運送会社 デジタコ 導入資金,設備・拠点投資,設備導入,設備投資資金,25,12,6,8,未評価,51,未調査,,CPC不明,CPC不明,CPC不明,B,KWP再調査後に判断,—,法人の設備投資・拠点整備に伴うまとまった需要。,補助金・製品比較意図の混入,追加KWPシード（要実測）,KWP未調査。検索数・CPCを推測していない。
運送会社 ドライバー増員 資金,受注増・成長資金,運送特化表現,成長に伴う運転資金,25,12,6,8,未評価,51,未調査,,CPC不明,CPC不明,CPC不明,B,KWP再調査後に判断,—,成長局面を明示するため審査健全度が比較的高い。,,追加KWPシード（要実測）,KWP未調査。検索数・CPCを推測していない。
運送会社 運行管理システム 導入資金,設備・拠点投資,設備導入,設備投資資金,25,12,6,8,未評価,51,未調査,,CPC不明,CPC不明,CPC不明,B,KWP再調査後に判断,—,法人の設備投資・拠点整備に伴うまとまった需要。,補助金・製品比較意図の混入,追加KWPシード（要実測）,KWP未調査。検索数・CPCを推測していない。
運送会社 営業所 導入資金,設備・拠点投資,設備導入,設備投資資金,25,12,6,8,未評価,51,未調査,,CPC不明,CPC不明,CPC不明,B,KWP再調査後に判断,—,法人の設備投資・拠点整備に伴うまとまった需要。,補助金・製品比較意図の混入,追加KWPシード（要実測）,KWP未調査。検索数・CPCを推測していない。
運送会社 資金調達,直接金融・比較,運送業向け資金調達,法人向け事業資金を探す,25,12,6,8,未評価,51,未調査,,CPC不明,CPC不明,CPC不明,B,KWP再調査後に判断,—,案件との整合性が高い対照群。,金融比較・他業種の混入、CPC上昇の可能性,追加KWPシード（要実測）,KWP未調査。検索数・CPCを推測していない。
運送会社 事業資金,直接金融・比較,運送業向け資金調達,法人向け事業資金を探す,25,12,6,8,未評価,51,未調査,,CPC不明,CPC不明,CPC不明,B,KWP再調査後に判断,—,案件との整合性が高い対照群。,金融比較・他業種の混入、CPC上昇の可能性,追加KWPシード（要実測）,KWP未調査。検索数・CPCを推測していない。
運送会社 社会保険料 運転資金,人件費・保険,先行固定費,固定費の一時的な資金不足,25,20,6,0,未評価,51,未調査,,CPC不明,CPC不明,CPC不明,B,KWP再調査後に判断,—,給与・保険料は先行しやすい固定費。,長期滞納・給与未払いは審査健全度が低い,追加KWPシード（要実測）,KWP未調査。検索数・CPCを推測していない。
運送会社 社会保険料 支払い,人件費・保険,先行固定費,固定費の一時的な資金不足,25,20,6,0,未評価,51,未調査,,CPC不明,CPC不明,CPC不明,B,KWP再調査後に判断,—,給与・保険料は先行しやすい固定費。,長期滞納・給与未払いは審査健全度が低い,追加KWPシード（要実測）,KWP未調査。検索数・CPCを推測していない。
運送会社 社会保険料 資金繰り,人件費・保険,先行固定費,固定費の一時的な資金不足,25,20,6,0,未評価,51,未調査,,CPC不明,CPC不明,CPC不明,B,KWP再調査後に判断,—,給与・保険料は先行しやすい固定費。,長期滞納・給与未払いは審査健全度が低い,追加KWPシード（要実測）,KWP未調査。検索数・CPCを推測していない。
運送会社 車両資金,直接金融・比較,運送業向け資金調達,法人向け事業資金を探す,25,12,6,8,未評価,51,未調査,,CPC不明,CPC不明,CPC不明,B,KWP再調査後に判断,—,案件との整合性が高い対照群。,金融比較・他業種の混入、CPC上昇の可能性,追加KWPシード（要実測）,KWP未調査。検索数・CPCを推測していない。
運送会社 点呼システム 導入資金,設備・拠点投資,設備導入,設備投資資金,25,12,6,8,未評価,51,未調査,,CPC不明,CPC不明,CPC不明,B,KWP再調査後に判断,—,法人の設備投資・拠点整備に伴うまとまった需要。,補助金・製品比較意図の混入,追加KWPシード（要実測）,KWP未調査。検索数・CPCを推測していない。
運送会社 配車システム 導入資金,設備・拠点投資,設備導入,設備投資資金,25,12,6,8,未評価,51,未調査,,CPC不明,CPC不明,CPC不明,B,KWP再調査後に判断,—,法人の設備投資・拠点整備に伴うまとまった需要。,補助金・製品比較意図の混入,追加KWPシード（要実測）,KWP未調査。検索数・CPCを推測していない。
運送会社 法人融資,直接金融・比較,運送業向け資金調達,法人向け事業資金を探す,25,12,6,8,未評価,51,未調査,,CPC不明,CPC不明,CPC不明,B,KWP再調査後に判断,—,案件との整合性が高い対照群。,金融比較・他業種の混入、CPC上昇の可能性,追加KWPシード（要実測）,KWP未調査。検索数・CPCを推測していない。
運送会社 融資,既存配信監査,既存設定,既存Google広告キーワード,25,12,6,8,未評価,51,未調査,,CPC不明,CPC不明,CPC不明,B,KWP再調査後に判断,—,既存設定との差分・重複を確認するために記録。,,追加KWPシード（要実測）,KWP未調査。検索数・CPCを推測していない。
運送業 つなぎ資金,直接金融・比較,運送業向け資金調達,法人向け事業資金を探す,25,12,6,8,未評価,51,未調査,,CPC不明,CPC不明,CPC不明,B,KWP再調査後に判断,—,案件との整合性が高い対照群。,金融比較・他業種の混入、CPC上昇の可能性,追加KWPシード（要実測）,KWP未調査。検索数・CPCを推測していない。
運送業 事業資金,直接金融・比較,運送業向け資金調達,法人向け事業資金を探す,25,12,6,8,未評価,51,未調査,,CPC不明,CPC不明,CPC不明,B,KWP再調査後に判断,—,案件との整合性が高い対照群。,金融比較・他業種の混入、CPC上昇の可能性,追加KWPシード（要実測）,KWP未調査。検索数・CPCを推測していない。
運送業 車両資金,直接金融・比較,運送業向け資金調達,法人向け事業資金を探す,25,12,6,8,未評価,51,未調査,,CPC不明,CPC不明,CPC不明,B,KWP再調査後に判断,—,案件との整合性が高い対照群。,金融比較・他業種の混入、CPC上昇の可能性,追加KWPシード（要実測）,KWP未調査。検索数・CPCを推測していない。
運送業 法人融資,直接金融・比較,運送業向け資金調達,法人向け事業資金を探す,25,12,6,8,未評価,51,未調査,,CPC不明,CPC不明,CPC不明,B,KWP再調査後に判断,—,案件との整合性が高い対照群。,金融比較・他業種の混入、CPC上昇の可能性,追加KWPシード（要実測）,KWP未調査。検索数・CPCを推測していない。
営業所 導入 資金 運送会社,設備・拠点投資,設備導入,設備投資資金,25,12,6,8,未評価,51,未調査,,CPC不明,CPC不明,CPC不明,B,KWP再調査後に判断,—,法人の設備投資・拠点整備に伴うまとまった需要。,補助金・製品比較意図の混入,追加KWPシード（要実測）,KWP未調査。検索数・CPCを推測していない。
下請け 支払い 入金前,傭車・外注,協力会社・外注,協力会社等への支払原資,5,25,6,15,未評価,51,未調査,,CPC不明,CPC不明,CPC不明,B,KWP再調査後に判断,—,運送会社の下請け・外注支払いの資金ギャップ。,,追加KWPシード（要実測）,KWP未調査。検索数・CPCを推測していない。
貨物運送会社 つなぎ資金,直接金融・比較,運送業向け資金調達,法人向け事業資金を探す,25,12,6,8,未評価,51,未調査,,CPC不明,CPC不明,CPC不明,B,KWP再調査後に判断,—,案件との整合性が高い対照群。,金融比較・他業種の混入、CPC上昇の可能性,追加KWPシード（要実測）,KWP未調査。検索数・CPCを推測していない。
貨物運送会社 資金調達,直接金融・比較,運送業向け資金調達,法人向け事業資金を探す,25,12,6,8,未評価,51,未調査,,CPC不明,CPC不明,CPC不明,B,KWP再調査後に判断,—,案件との整合性が高い対照群。,金融比較・他業種の混入、CPC上昇の可能性,追加KWPシード（要実測）,KWP未調査。検索数・CPCを推測していない。
貨物運送会社 事業資金,直接金融・比較,運送業向け資金調達,法人向け事業資金を探す,25,12,6,8,未評価,51,未調査,,CPC不明,CPC不明,CPC不明,B,KWP再調査後に判断,—,案件との整合性が高い対照群。,金融比較・他業種の混入、CPC上昇の可能性,追加KWPシード（要実測）,KWP未調査。検索数・CPCを推測していない。
貨物運送会社 車両資金,直接金融・比較,運送業向け資金調達,法人向け事業資金を探す,25,12,6,8,未評価,51,未調査,,CPC不明,CPC不明,CPC不明,B,KWP再調査後に判断,—,案件との整合性が高い対照群。,金融比較・他業種の混入、CPC上昇の可能性,追加KWPシード（要実測）,KWP未調査。検索数・CPCを推測していない。
貨物運送会社 法人融資,直接金融・比較,運送業向け資金調達,法人向け事業資金を探す,25,12,6,8,未評価,51,未調査,,CPC不明,CPC不明,CPC不明,B,KWP再調査後に判断,—,案件との整合性が高い対照群。,金融比較・他業種の混入、CPC上昇の可能性,追加KWPシード（要実測）,KWP未調査。検索数・CPCを推測していない。
銀行 融資 断られた 運送業,融資待ち・追加資金,借入整理,資金調達の見直し,25,12,6,8,未評価,51,未調査,,CPC不明,CPC不明,CPC不明,B,KWP再調査後に判断,—,既存借入がある法人の追加調達・条件見直し。,一本化可否は広告主・法令確認が必要,追加KWPシード（要実測）,KWP未調査。検索数・CPCを推測していない。
銀行融資 実行 遅い 運送会社,融資待ち・追加資金,審査・実行待ち,既存調達が間に合わない,25,12,6,8,未評価,51,未調査,,CPC不明,CPC不明,CPC不明,B,KWP再調査後に判断,—,既存の金融手段を使おうとして時間・審査で詰まる局面。,金融KWのためCPC上昇・審査悪化の可能性,追加KWPシード（要実測）,KWP未調査。検索数・CPCを推測していない。
銀行融資 断られた 運送会社,融資待ち・追加資金,審査・実行待ち,既存調達が間に合わない,25,12,6,8,未評価,51,未調査,,CPC不明,CPC不明,CPC不明,B,KWP再調査後に判断,—,既存の金融手段を使おうとして時間・審査で詰まる局面。,金融KWのためCPC上昇・審査悪化の可能性,追加KWPシード（要実測）,KWP未調査。検索数・CPCを推測していない。
銀行融資 追加 運送会社,融資待ち・追加資金,審査・実行待ち,既存調達が間に合わない,25,12,6,8,未評価,51,未調査,,CPC不明,CPC不明,CPC不明,B,KWP再調査後に判断,—,既存の金融手段を使おうとして時間・審査で詰まる局面。,金融KWのためCPC上昇・審査悪化の可能性,追加KWPシード（要実測）,KWP未調査。検索数・CPCを推測していない。
軽油カード 支払い 入金前,燃料・ETC,カード・引落,燃料・通行費の支払資金,5,25,6,15,未評価,51,未調査,,CPC不明,CPC不明,CPC不明,B,KWP再調査後に判断,—,後払いカード・高速料金の支払期日と入金ギャップ。,,追加KWPシード（要実測）,KWP未調査。検索数・CPCを推測していない。
公庫融資 実行 遅い 運送会社,融資待ち・追加資金,審査・実行待ち,既存調達が間に合わない,25,12,6,8,未評価,51,未調査,,CPC不明,CPC不明,CPC不明,B,KWP再調査後に判断,—,既存の金融手段を使おうとして時間・審査で詰まる局面。,金融KWのためCPC上昇・審査悪化の可能性,追加KWPシード（要実測）,KWP未調査。検索数・CPCを推測していない。
公庫融資 断られた 運送会社,融資待ち・追加資金,審査・実行待ち,既存調達が間に合わない,25,12,6,8,未評価,51,未調査,,CPC不明,CPC不明,CPC不明,B,KWP再調査後に判断,—,既存の金融手段を使おうとして時間・審査で詰まる局面。,金融KWのためCPC上昇・審査悪化の可能性,追加KWPシード（要実測）,KWP未調査。検索数・CPCを推測していない。
公庫融資 追加 運送会社,融資待ち・追加資金,審査・実行待ち,既存調達が間に合わない,25,12,6,8,未評価,51,未調査,,CPC不明,CPC不明,CPC不明,B,KWP再調査後に判断,—,既存の金融手段を使おうとして時間・審査で詰まる局面。,金融KWのためCPC上昇・審査悪化の可能性,追加KWPシード（要実測）,KWP未調査。検索数・CPCを推測していない。
再委託費 支払い 入金前,傭車・外注,協力会社・外注,協力会社等への支払原資,5,25,6,15,未評価,51,未調査,,CPC不明,CPC不明,CPC不明,B,KWP再調査後に判断,—,運送会社の下請け・外注支払いの資金ギャップ。,,追加KWPシード（要実測）,KWP未調査。検索数・CPCを推測していない。
仕事あるのに資金がない 運送会社,受注増・成長資金,運送特化表現,成長に伴う運転資金,25,12,6,8,未評価,51,未調査,,CPC不明,CPC不明,CPC不明,B,KWP再調査後に判断,—,成長局面を明示するため審査健全度が比較的高い。,,追加KWPシード（要実測）,KWP未調査。検索数・CPCを推測していない。
支払いサイト 運送 入金前 支払い,入金ギャップ,荷主・元請・売掛金,入金前の支払資金,5,25,6,15,未評価,51,未調査,,CPC不明,CPC不明,CPC不明,B,KWP再調査後に判断,—,荷主・元請からの入金と先払いコストのズレ。,会計・契約条件の情報収集,追加KWPシード（要実測）,KWP未調査。検索数・CPCを推測していない。
支払いサイト 運送 入金前 資金,入金ギャップ,荷主・元請・売掛金,入金前の支払資金,5,25,6,15,未評価,51,未調査,,CPC不明,CPC不明,CPC不明,B,KWP再調査後に判断,—,荷主・元請からの入金と先払いコストのズレ。,会計・契約条件の情報収集,追加KWPシード（要実測）,KWP未調査。検索数・CPCを推測していない。
支払いサイト 運送 入金待ち,入金ギャップ,荷主・元請・売掛金,入金前の支払資金,5,25,6,15,未評価,51,未調査,,CPC不明,CPC不明,CPC不明,B,KWP再調査後に判断,—,荷主・元請からの入金と先払いコストのズレ。,会計・契約条件の情報収集,追加KWPシード（要実測）,KWP未調査。検索数・CPCを推測していない。
事業拡大 運送会社 先行資金,受注増・成長資金,先行資金,成長に伴う運転資金,25,12,6,8,未評価,51,未調査,,CPC不明,CPC不明,CPC不明,B,KWP再調査後に判断,—,仕事の増加に対し人件費・燃料・傭車費が先行する局面。,,追加KWPシード（要実測）,KWP未調査。検索数・CPCを推測していない。
事業拡大 運送業 資金,受注増・成長資金,先行資金,成長に伴う運転資金,25,12,6,8,未評価,51,未調査,,CPC不明,CPC不明,CPC不明,B,KWP再調査後に判断,—,仕事の増加に対し人件費・燃料・傭車費が先行する局面。,,追加KWPシード（要実測）,KWP未調査。検索数・CPCを推測していない。
請求書 入金 入金前 支払い,入金ギャップ,荷主・元請・売掛金,入金前の支払資金,5,25,6,15,未評価,51,未調査,,CPC不明,CPC不明,CPC不明,B,KWP再調査後に判断,—,荷主・元請からの入金と先払いコストのズレ。,会計・契約条件の情報収集,追加KWPシード（要実測）,KWP未調査。検索数・CPCを推測していない。
請求書 入金 入金前 資金,入金ギャップ,荷主・元請・売掛金,入金前の支払資金,5,25,6,15,未評価,51,未調査,,CPC不明,CPC不明,CPC不明,B,KWP再調査後に判断,—,荷主・元請からの入金と先払いコストのズレ。,会計・契約条件の情報収集,追加KWPシード（要実測）,KWP未調査。検索数・CPCを推測していない。
請求書 入金 入金待ち,入金ギャップ,荷主・元請・売掛金,入金前の支払資金,5,25,6,15,未評価,51,未調査,,CPC不明,CPC不明,CPC不明,B,KWP再調査後に判断,—,荷主・元請からの入金と先払いコストのズレ。,会計・契約条件の情報収集,追加KWPシード（要実測）,KWP未調査。検索数・CPCを推測していない。
点呼システム 導入 資金 運送会社,設備・拠点投資,設備導入,設備投資資金,25,12,6,8,未評価,51,未調査,,CPC不明,CPC不明,CPC不明,B,KWP再調査後に判断,—,法人の設備投資・拠点整備に伴うまとまった需要。,補助金・製品比較意図の混入,追加KWPシード（要実測）,KWP未調査。検索数・CPCを推測していない。
入金サイト 運送 入金前 支払い,入金ギャップ,荷主・元請・売掛金,入金前の支払資金,5,25,6,15,未評価,51,未調査,,CPC不明,CPC不明,CPC不明,B,KWP再調査後に判断,—,荷主・元請からの入金と先払いコストのズレ。,会計・契約条件の情報収集,追加KWPシード（要実測）,KWP未調査。検索数・CPCを推測していない。
入金サイト 運送 入金前 資金,入金ギャップ,荷主・元請・売掛金,入金前の支払資金,5,25,6,15,未評価,51,未調査,,CPC不明,CPC不明,CPC不明,B,KWP再調査後に判断,—,荷主・元請からの入金と先払いコストのズレ。,会計・契約条件の情報収集,追加KWPシード（要実測）,KWP未調査。検索数・CPCを推測していない。
入金サイト 運送 入金待ち,入金ギャップ,荷主・元請・売掛金,入金前の支払資金,5,25,6,15,未評価,51,未調査,,CPC不明,CPC不明,CPC不明,B,KWP再調査後に判断,—,荷主・元請からの入金と先払いコストのズレ。,会計・契約条件の情報収集,追加KWPシード（要実測）,KWP未調査。検索数・CPCを推測していない。
配車システム 導入 資金 運送会社,設備・拠点投資,設備導入,設備投資資金,25,12,6,8,未評価,51,未調査,,CPC不明,CPC不明,CPC不明,B,KWP再調査後に判断,—,法人の設備投資・拠点整備に伴うまとまった需要。,補助金・製品比較意図の混入,追加KWPシード（要実測）,KWP未調査。検索数・CPCを推測していない。
売掛金 入金 入金前 支払い,入金ギャップ,荷主・元請・売掛金,入金前の支払資金,5,25,6,15,未評価,51,未調査,,CPC不明,CPC不明,CPC不明,B,KWP再調査後に判断,—,荷主・元請からの入金と先払いコストのズレ。,会計・契約条件の情報収集,追加KWPシード（要実測）,KWP未調査。検索数・CPCを推測していない。
売掛金 入金 入金前 資金,入金ギャップ,荷主・元請・売掛金,入金前の支払資金,5,25,6,15,未評価,51,未調査,,CPC不明,CPC不明,CPC不明,B,KWP再調査後に判断,—,荷主・元請からの入金と先払いコストのズレ。,会計・契約条件の情報収集,追加KWPシード（要実測）,KWP未調査。検索数・CPCを推測していない。
売掛金 入金 入金待ち,入金ギャップ,荷主・元請・売掛金,入金前の支払資金,5,25,6,15,未評価,51,未調査,,CPC不明,CPC不明,CPC不明,B,KWP再調査後に判断,—,荷主・元請からの入金と先払いコストのズレ。,会計・契約条件の情報収集,追加KWPシード（要実測）,KWP未調査。検索数・CPCを推測していない。
物流会社 デジタコ 資金,設備・拠点投資,設備導入,設備投資資金,25,12,6,8,未評価,51,未調査,,CPC不明,CPC不明,CPC不明,B,KWP再調査後に判断,—,法人の設備投資・拠点整備に伴うまとまった需要。,補助金・製品比較意図の混入,追加KWPシード（要実測）,KWP未調査。検索数・CPCを推測していない。
物流会社 点呼システム 資金,設備・拠点投資,設備導入,設備投資資金,25,12,6,8,未評価,51,未調査,,CPC不明,CPC不明,CPC不明,B,KWP再調査後に判断,—,法人の設備投資・拠点整備に伴うまとまった需要。,補助金・製品比較意図の混入,追加KWPシード（要実測）,KWP未調査。検索数・CPCを推測していない。
保証協会 融資 実行 遅い 運送会社,融資待ち・追加資金,審査・実行待ち,既存調達が間に合わない,25,12,6,8,未評価,51,未調査,,CPC不明,CPC不明,CPC不明,B,KWP再調査後に判断,—,既存の金融手段を使おうとして時間・審査で詰まる局面。,金融KWのためCPC上昇・審査悪化の可能性,追加KWPシード（要実測）,KWP未調査。検索数・CPCを推測していない。
保証協会 融資 断られた 運送会社,融資待ち・追加資金,審査・実行待ち,既存調達が間に合わない,25,12,6,8,未評価,51,未調査,,CPC不明,CPC不明,CPC不明,B,KWP再調査後に判断,—,既存の金融手段を使おうとして時間・審査で詰まる局面。,金融KWのためCPC上昇・審査悪化の可能性,追加KWPシード（要実測）,KWP未調査。検索数・CPCを推測していない。
保証協会 融資 追加 運送会社,融資待ち・追加資金,審査・実行待ち,既存調達が間に合わない,25,12,6,8,未評価,51,未調査,,CPC不明,CPC不明,CPC不明,B,KWP再調査後に判断,—,既存の金融手段を使おうとして時間・審査で詰まる局面。,金融KWのためCPC上昇・審査悪化の可能性,追加KWPシード（要実測）,KWP未調査。検索数・CPCを推測していない。
トラック 増車,既存配信監査,既存設定,既存Google広告キーワード,15,0,20,15,未評価,50,10–100,40,低,CPC不明,CPC不明,B,KWP再調査後に判断,—,既存設定との差分・重複を確認するために記録。,,KWP観測 2026-08-12,検索数はKWPレンジ。推定検索数は安全側の換算値（0–10=4、10–100=40、100–1000=300、1000–10000=3000）。
外注費 支払い 間に合わない,傭車・外注,協力会社・外注,協力会社等への支払原資,5,25,12,8,未評価,50,未調査,,CPC不明,CPC不明,CPC不明,B,KWP再調査後に判断,—,運送会社の下請け・外注支払いの資金ギャップ。,,追加KWPシード（要実測）,KWP未調査。検索数・CPCを推測していない。
外注費 支払い 資金不足,傭車・外注,協力会社・外注,協力会社等への支払原資,5,25,12,8,未評価,50,未調査,,CPC不明,CPC不明,CPC不明,B,KWP再調査後に判断,—,運送会社の下請け・外注支払いの資金ギャップ。,,追加KWPシード（要実測）,KWP未調査。検索数・CPCを推測していない。
外注費 支払い 払えない,傭車・外注,協力会社・外注,協力会社等への支払原資,5,25,12,8,未評価,50,未調査,,CPC不明,CPC不明,CPC不明,B,KWP再調査後に判断,—,運送会社の下請け・外注支払いの資金ギャップ。,,追加KWPシード（要実測）,KWP未調査。検索数・CPCを推測していない。
トラック エンジン 修理 資金,修理・事故・稼働停止,部品・重整備,稼働継続の緊急資金,15,12,12,10,未評価,49,未調査,,CPC不明,CPC不明,CPC不明,B,KWP再調査後に判断,—,エンジン・ミッション等の重整備は一括支払困難のシグナル。,修理方法の情報収集,追加KWPシード（要実測）,KWP未調査。検索数・CPCを推測していない。
トラック ミッション 修理 資金,修理・事故・稼働停止,部品・重整備,稼働継続の緊急資金,15,12,12,10,未評価,49,未調査,,CPC不明,CPC不明,CPC不明,B,KWP再調査後に判断,—,エンジン・ミッション等の重整備は一括支払困難のシグナル。,修理方法の情報収集,追加KWPシード（要実測）,KWP未調査。検索数・CPCを推測していない。
トラック 事故 修理費 資金,修理・事故・稼働停止,事故・保険金待ち,事故後のつなぎ資金,15,12,12,10,未評価,49,未調査,,CPC不明,CPC不明,CPC不明,B,KWP再調査後に判断,—,事故・保険金待ちで売上停止と支払いが重なる局面。,損害賠償・保険相談だけの可能性,追加KWPシード（要実測）,KWP未調査。検索数・CPCを推測していない。
ETCコーポレートカード 引き落とし,燃料・ETC,カード・引落,燃料・通行費の支払資金,25,0,12,10,未評価,47,未調査,,CPC不明,CPC不明,CPC不明,B,KWP再調査後に判断,—,後払いカード・高速料金の支払期日と入金ギャップ。,,追加KWPシード（要実測）,KWP未調査。検索数・CPCを推測していない。
ETCコーポレートカード 限度額 足りない,燃料・ETC,カード・引落,燃料・通行費の支払資金,25,0,12,10,未評価,47,未調査,,CPC不明,CPC不明,CPC不明,B,KWP再調査後に判断,—,後払いカード・高速料金の支払期日と入金ギャップ。,,追加KWPシード（要実測）,KWP未調査。検索数・CPCを推測していない。
貨物事故 弁償 運送会社,修理・事故・稼働停止,事故・保険金待ち,事故後のつなぎ資金,25,0,12,10,未評価,47,未調査,,CPC不明,CPC不明,CPC不明,B,KWP再調査後に判断,—,事故・保険金待ちで売上停止と支払いが重なる局面。,損害賠償・保険相談だけの可能性,追加KWPシード（要実測）,KWP未調査。検索数・CPCを推測していない。
事故車 買い替え 資金,修理・事故・稼働停止,事故・保険金待ち,事故後のつなぎ資金,5,12,20,10,未評価,47,未調査,,CPC不明,CPC不明,CPC不明,B,KWP再調査後に判断,—,事故・保険金待ちで売上停止と支払いが重なる局面。,損害賠償・保険相談だけの可能性,追加KWPシード（要実測）,KWP未調査。検索数・CPCを推測していない。
燃料カード 支払い,燃料・ETC,カード・引落,燃料・通行費の支払資金,5,20,12,10,未評価,47,未調査,,CPC不明,CPC不明,CPC不明,B,KWP再調査後に判断,—,後払いカード・高速料金の支払期日と入金ギャップ。,,追加KWPシード（要実測）,KWP未調査。検索数・CPCを推測していない。
燃料カード 支払い 資金繰り,燃料・ETC,カード・引落,燃料・通行費の支払資金,5,20,12,10,未評価,47,未調査,,CPC不明,CPC不明,CPC不明,B,KWP再調査後に判断,—,後払いカード・高速料金の支払期日と入金ギャップ。,,追加KWPシード（要実測）,KWP未調査。検索数・CPCを推測していない。
ウイング車 頭金 足りない,車両導入・増車,購入・頭金・増車,車両導入の先行資金,5,25,6,10,未評価,46,未調査,,CPC不明,CPC不明,CPC不明,B,KWP再調査後に判断,—,車両購入・増車は300万円以上の資金需要へつながりやすい。,個人購入・販売店意図の混入,追加KWPシード（要実測）,KWP未調査。検索数・CPCを推測していない。
ユニック車 頭金 足りない,車両導入・増車,購入・頭金・増車,車両導入の先行資金,5,25,6,10,未評価,46,未調査,,CPC不明,CPC不明,CPC不明,B,KWP再調査後に判断,—,車両購入・増車は300万円以上の資金需要へつながりやすい。,個人購入・販売店意図の混入,追加KWPシード（要実測）,KWP未調査。検索数・CPCを推測していない。
ウイング車 購入 資金,車両導入・増車,購入・頭金・増車,車両導入の先行資金,5,12,20,8,未評価,45,未調査,,CPC不明,CPC不明,CPC不明,B,KWP再調査後に判断,—,車両購入・増車は300万円以上の資金需要へつながりやすい。,個人購入・販売店意図の混入,追加KWPシード（要実測）,KWP未調査。検索数・CPCを推測していない。
ウイング車 購入 自己資金 足りない,車両導入・増車,購入・頭金・増車,車両導入の先行資金,5,12,20,8,未評価,45,未調査,,CPC不明,CPC不明,CPC不明,B,KWP再調査後に判断,—,車両購入・増車は300万円以上の資金需要へつながりやすい。,個人購入・販売店意図の混入,追加KWPシード（要実測）,KWP未調査。検索数・CPCを推測していない。
ウイング車 買い替え 資金,車両導入・増車,購入・頭金・増車,車両導入の先行資金,5,12,20,8,未評価,45,未調査,,CPC不明,CPC不明,CPC不明,B,KWP再調査後に判断,—,車両購入・増車は300万円以上の資金需要へつながりやすい。,個人購入・販売店意図の混入,追加KWPシード（要実測）,KWP未調査。検索数・CPCを推測していない。
トレーラー 修理代 分割,修理・事故・稼働停止,修理費支払,稼働継続の緊急資金,15,0,20,10,未評価,45,未調査,,CPC不明,CPC不明,CPC不明,B,KWP再調査後に判断,—,稼働停止回避・高額修理の資金需要。,修理業者探し・工賃相場の混入,追加KWPシード（要実測）,KWP未調査。検索数・CPCを推測していない。
トレーラー 修理費 分割,修理・事故・稼働停止,修理費支払,稼働継続の緊急資金,15,0,20,10,未評価,45,未調査,,CPC不明,CPC不明,CPC不明,B,KWP再調査後に判断,—,稼働停止回避・高額修理の資金需要。,修理業者探し・工賃相場の混入,追加KWPシード（要実測）,KWP未調査。検索数・CPCを推測していない。
ユニック車 購入 資金,車両導入・増車,購入・頭金・増車,車両導入の先行資金,5,12,20,8,未評価,45,未調査,,CPC不明,CPC不明,CPC不明,B,KWP再調査後に判断,—,車両購入・増車は300万円以上の資金需要へつながりやすい。,個人購入・販売店意図の混入,追加KWPシード（要実測）,KWP未調査。検索数・CPCを推測していない。
ユニック車 購入 自己資金 足りない,車両導入・増車,購入・頭金・増車,車両導入の先行資金,5,12,20,8,未評価,45,未調査,,CPC不明,CPC不明,CPC不明,B,KWP再調査後に判断,—,車両購入・増車は300万円以上の資金需要へつながりやすい。,個人購入・販売店意図の混入,追加KWPシード（要実測）,KWP未調査。検索数・CPCを推測していない。
ユニック車 買い替え 資金,車両導入・増車,購入・頭金・増車,車両導入の先行資金,5,12,20,8,未評価,45,未調査,,CPC不明,CPC不明,CPC不明,B,KWP再調査後に判断,—,車両購入・増車は300万円以上の資金需要へつながりやすい。,個人購入・販売店意図の混入,追加KWPシード（要実測）,KWP未調査。検索数・CPCを推測していない。
外注費 支払い 運転資金,傭車・外注,協力会社・外注,協力会社等への支払原資,5,20,12,8,未評価,45,未調査,,CPC不明,CPC不明,CPC不明,B,KWP再調査後に判断,—,運送会社の下請け・外注支払いの資金ギャップ。,,追加KWPシード（要実測）,KWP未調査。検索数・CPCを推測していない。
外注費 支払い 資金繰り,傭車・外注,協力会社・外注,協力会社等への支払原資,5,20,12,8,未評価,45,未調査,,CPC不明,CPC不明,CPC不明,B,KWP再調査後に判断,—,運送会社の下請け・外注支払いの資金ギャップ。,,追加KWPシード（要実測）,KWP未調査。検索数・CPCを推測していない。
外注費 支払い 立替,傭車・外注,協力会社・外注,協力会社等への支払原資,5,20,12,8,未評価,45,未調査,,CPC不明,CPC不明,CPC不明,B,KWP再調査後に判断,—,運送会社の下請け・外注支払いの資金ギャップ。,,追加KWPシード（要実測）,KWP未調査。検索数・CPCを推測していない。
大型トラック 修理代 分割,修理・事故・稼働停止,修理費支払,稼働継続の緊急資金,15,0,20,10,未評価,45,未調査,,CPC不明,CPC不明,CPC不明,B,KWP再調査後に判断,—,稼働停止回避・高額修理の資金需要。,修理業者探し・工賃相場の混入,追加KWPシード（要実測）,KWP未調査。検索数・CPCを推測していない。
大型トラック 修理費 分割,修理・事故・稼働停止,修理費支払,稼働継続の緊急資金,15,0,20,10,未評価,45,未調査,,CPC不明,CPC不明,CPC不明,B,KWP再調査後に判断,—,稼働停止回避・高額修理の資金需要。,修理業者探し・工賃相場の混入,追加KWPシード（要実測）,KWP未調査。検索数・CPCを推測していない。
物流会社 ビジネスローン,直接金融・比較,運送業向け資金調達,法人向け事業資金を探す,5,12,20,8,未評価,45,未調査,,CPC不明,CPC不明,CPC不明,B,KWP再調査後に判断,—,案件との整合性が高い対照群。,金融比較・他業種の混入、CPC上昇の可能性,追加KWPシード（要実測）,KWP未調査。検索数・CPCを推測していない。
物流会社 フォークリフト 資金,設備・拠点投資,設備導入,設備投資資金,5,12,20,8,未評価,45,未調査,,CPC不明,CPC不明,CPC不明,B,KWP再調査後に判断,—,法人の設備投資・拠点整備に伴うまとまった需要。,補助金・製品比較意図の混入,追加KWPシード（要実測）,KWP未調査。検索数・CPCを推測していない。
物流会社 設備資金,直接金融・比較,運送業向け資金調達,法人向け事業資金を探す,5,12,20,8,未評価,45,未調査,,CPC不明,CPC不明,CPC不明,B,KWP再調査後に判断,—,案件との整合性が高い対照群。,金融比較・他業種の混入、CPC上昇の可能性,追加KWPシード（要実測）,KWP未調査。検索数・CPCを推測していない。
物流会社 倉庫設備 資金,設備・拠点投資,設備導入,設備投資資金,5,12,20,8,未評価,45,未調査,,CPC不明,CPC不明,CPC不明,B,KWP再調査後に判断,—,法人の設備投資・拠点整備に伴うまとまった需要。,補助金・製品比較意図の混入,追加KWPシード（要実測）,KWP未調査。検索数・CPCを推測していない。
物流会社 物流倉庫 資金,設備・拠点投資,設備導入,設備投資資金,5,12,20,8,未評価,45,未調査,,CPC不明,CPC不明,CPC不明,B,KWP再調査後に判断,—,法人の設備投資・拠点整備に伴うまとまった需要。,補助金・製品比較意図の混入,追加KWPシード（要実測）,KWP未調査。検索数・CPCを推測していない。
物流会社 冷凍設備 資金,設備・拠点投資,設備導入,設備投資資金,5,12,20,8,未評価,45,未調査,,CPC不明,CPC不明,CPC不明,B,KWP再調査後に判断,—,法人の設備投資・拠点整備に伴うまとまった需要。,補助金・製品比較意図の混入,追加KWPシード（要実測）,KWP未調査。検索数・CPCを推測していない。
冷凍車 修理代 分割,修理・事故・稼働停止,修理費支払,稼働継続の緊急資金,15,0,20,10,未評価,45,未調査,,CPC不明,CPC不明,CPC不明,B,KWP再調査後に判断,—,稼働停止回避・高額修理の資金需要。,修理業者探し・工賃相場の混入,追加KWPシード（要実測）,KWP未調査。検索数・CPCを推測していない。
冷凍車 修理費 分割,修理・事故・稼働停止,修理費支払,稼働継続の緊急資金,15,0,20,10,未評価,45,未調査,,CPC不明,CPC不明,CPC不明,B,KWP再調査後に判断,—,稼働停止回避・高額修理の資金需要。,修理業者探し・工賃相場の混入,追加KWPシード（要実測）,KWP未調査。検索数・CPCを推測していない。
ガソリンカード 引き落とし 間に合わない,燃料・ETC,カード・引落,燃料・通行費の支払資金,5,25,6,8,未評価,44,未調査,,CPC不明,CPC不明,CPC不明,B,KWP再調査後に判断,—,後払いカード・高速料金の支払期日と入金ギャップ。,,追加KWPシード（要実測）,KWP未調査。検索数・CPCを推測していない。
ガソリンカード 残高不足,燃料・ETC,カード・引落,燃料・通行費の支払資金,5,25,6,8,未評価,44,未調査,,CPC不明,CPC不明,CPC不明,B,KWP再調査後に判断,—,後払いカード・高速料金の支払期日と入金ギャップ。,,追加KWPシード（要実測）,KWP未調査。検索数・CPCを推測していない。
ガソリンカード 利用停止,燃料・ETC,カード・引落,燃料・通行費の支払資金,5,25,6,8,未評価,44,未調査,,CPC不明,CPC不明,CPC不明,B,KWP再調査後に判断,—,後払いカード・高速料金の支払期日と入金ギャップ。,,追加KWPシード（要実測）,KWP未調査。検索数・CPCを推測していない。
下請け 支払い 間に合わない,傭車・外注,協力会社・外注,協力会社等への支払原資,5,25,6,8,未評価,44,未調査,,CPC不明,CPC不明,CPC不明,B,KWP再調査後に判断,—,運送会社の下請け・外注支払いの資金ギャップ。,,追加KWPシード（要実測）,KWP未調査。検索数・CPCを推測していない。
下請け 支払い 資金不足,傭車・外注,協力会社・外注,協力会社等への支払原資,5,25,6,8,未評価,44,未調査,,CPC不明,CPC不明,CPC不明,B,KWP再調査後に判断,—,運送会社の下請け・外注支払いの資金ギャップ。,,追加KWPシード（要実測）,KWP未調査。検索数・CPCを推測していない。
下請け 支払い 払えない,傭車・外注,協力会社・外注,協力会社等への支払原資,5,25,6,8,未評価,44,未調査,,CPC不明,CPC不明,CPC不明,B,KWP再調査後に判断,—,運送会社の下請け・外注支払いの資金ギャップ。,,追加KWPシード（要実測）,KWP未調査。検索数・CPCを推測していない。
軽油カード 引き落とし 間に合わない,燃料・ETC,カード・引落,燃料・通行費の支払資金,5,25,6,8,未評価,44,未調査,,CPC不明,CPC不明,CPC不明,B,KWP再調査後に判断,—,後払いカード・高速料金の支払期日と入金ギャップ。,,追加KWPシード（要実測）,KWP未調査。検索数・CPCを推測していない。
軽油カード 残高不足,燃料・ETC,カード・引落,燃料・通行費の支払資金,5,25,6,8,未評価,44,未調査,,CPC不明,CPC不明,CPC不明,B,KWP再調査後に判断,—,後払いカード・高速料金の支払期日と入金ギャップ。,,追加KWPシード（要実測）,KWP未調査。検索数・CPCを推測していない。
軽油カード 利用停止,燃料・ETC,カード・引落,燃料・通行費の支払資金,5,25,6,8,未評価,44,未調査,,CPC不明,CPC不明,CPC不明,B,KWP再調査後に判断,—,後払いカード・高速料金の支払期日と入金ギャップ。,,追加KWPシード（要実測）,KWP未調査。検索数・CPCを推測していない。
再委託費 支払い 間に合わない,傭車・外注,協力会社・外注,協力会社等への支払原資,5,25,6,8,未評価,44,未調査,,CPC不明,CPC不明,CPC不明,B,KWP再調査後に判断,—,運送会社の下請け・外注支払いの資金ギャップ。,,追加KWPシード（要実測）,KWP未調査。検索数・CPCを推測していない。
再委託費 支払い 資金不足,傭車・外注,協力会社・外注,協力会社等への支払原資,5,25,6,8,未評価,44,未調査,,CPC不明,CPC不明,CPC不明,B,KWP再調査後に判断,—,運送会社の下請け・外注支払いの資金ギャップ。,,追加KWPシード（要実測）,KWP未調査。検索数・CPCを推測していない。
再委託費 支払い 払えない,傭車・外注,協力会社・外注,協力会社等への支払原資,5,25,6,8,未評価,44,未調査,,CPC不明,CPC不明,CPC不明,B,KWP再調査後に判断,—,運送会社の下請け・外注支払いの資金ギャップ。,,追加KWPシード（要実測）,KWP未調査。検索数・CPCを推測していない。
支払いサイト 運送 支払い 間に合わない,入金ギャップ,荷主・元請・売掛金,入金前の支払資金,5,25,6,8,未評価,44,未調査,,CPC不明,CPC不明,CPC不明,B,KWP再調査後に判断,—,荷主・元請からの入金と先払いコストのズレ。,会計・契約条件の情報収集,追加KWPシード（要実測）,KWP未調査。検索数・CPCを推測していない。
請求書 入金 支払い 間に合わない,入金ギャップ,荷主・元請・売掛金,入金前の支払資金,5,25,6,8,未評価,44,未調査,,CPC不明,CPC不明,CPC不明,B,KWP再調査後に判断,—,荷主・元請からの入金と先払いコストのズレ。,会計・契約条件の情報収集,追加KWPシード（要実測）,KWP未調査。検索数・CPCを推測していない。
入金サイト 運送 支払い 間に合わない,入金ギャップ,荷主・元請・売掛金,入金前の支払資金,5,25,6,8,未評価,44,未調査,,CPC不明,CPC不明,CPC不明,B,KWP再調査後に判断,—,荷主・元請からの入金と先払いコストのズレ。,会計・契約条件の情報収集,追加KWPシード（要実測）,KWP未調査。検索数・CPCを推測していない。
売掛金 入金 支払い 間に合わない,入金ギャップ,荷主・元請・売掛金,入金前の支払資金,5,25,6,8,未評価,44,未調査,,CPC不明,CPC不明,CPC不明,B,KWP再調査後に判断,—,荷主・元請からの入金と先払いコストのズレ。,会計・契約条件の情報収集,追加KWPシード（要実測）,KWP未調査。検索数・CPCを推測していない。
トラック DPF 修理 資金,修理・事故・稼働停止,部品・重整備,稼働継続の緊急資金,15,12,6,10,未評価,43,未調査,,CPC不明,CPC不明,CPC不明,B,KWP再調査後に判断,—,エンジン・ミッション等の重整備は一括支払困難のシグナル。,修理方法の情報収集,追加KWPシード（要実測）,KWP未調査。検索数・CPCを推測していない。
トラック クラッチ 修理 資金,修理・事故・稼働停止,部品・重整備,稼働継続の緊急資金,15,12,6,10,未評価,43,未調査,,CPC不明,CPC不明,CPC不明,B,KWP再調査後に判断,—,エンジン・ミッション等の重整備は一括支払困難のシグナル。,修理方法の情報収集,追加KWPシード（要実測）,KWP未調査。検索数・CPCを推測していない。
トラック ターボ 修理 資金,修理・事故・稼働停止,部品・重整備,稼働継続の緊急資金,15,12,6,10,未評価,43,未調査,,CPC不明,CPC不明,CPC不明,B,KWP再調査後に判断,—,エンジン・ミッション等の重整備は一括支払困難のシグナル。,修理方法の情報収集,追加KWPシード（要実測）,KWP未調査。検索数・CPCを推測していない。
トラック デフ 修理 資金,修理・事故・稼働停止,部品・重整備,稼働継続の緊急資金,15,12,6,10,未評価,43,未調査,,CPC不明,CPC不明,CPC不明,B,KWP再調査後に判断,—,エンジン・ミッション等の重整備は一括支払困難のシグナル。,修理方法の情報収集,追加KWPシード（要実測）,KWP未調査。検索数・CPCを推測していない。
トラック ラジエーター 修理 資金,修理・事故・稼働停止,部品・重整備,稼働継続の緊急資金,15,12,6,10,未評価,43,未調査,,CPC不明,CPC不明,CPC不明,B,KWP再調査後に判断,—,エンジン・ミッション等の重整備は一括支払困難のシグナル。,修理方法の情報収集,追加KWPシード（要実測）,KWP未調査。検索数・CPCを推測していない。
トラック 修理 資金,修理・事故・稼働停止,修理費支払,稼働継続の緊急資金,15,12,6,10,未評価,43,未調査,,CPC不明,CPC不明,CPC不明,B,KWP再調査後に判断,—,稼働停止回避・高額修理の資金需要。,修理業者探し・工賃相場の混入,追加KWPシード（要実測）,KWP未調査。検索数・CPCを推測していない。
トラック 冷凍機 修理 資金,修理・事故・稼働停止,部品・重整備,稼働継続の緊急資金,15,12,6,10,未評価,43,未調査,,CPC不明,CPC不明,CPC不明,B,KWP再調査後に判断,—,エンジン・ミッション等の重整備は一括支払困難のシグナル。,修理方法の情報収集,追加KWPシード（要実測）,KWP未調査。検索数・CPCを推測していない。
運送会社 資金ショート,既存配信監査,既存設定,既存Google広告キーワード,25,12,6,0,未評価,43,未調査,,CPC不明,CPC不明,CPC不明,B,KWP再調査後に判断,—,既存設定との差分・重複を確認するために記録。,,追加KWPシード（要実測）,KWP未調査。検索数・CPCを推測していない。
トラック 故障 稼働停止 資金,修理・事故・稼働停止,事故・保険金待ち,事故後のつなぎ資金,15,12,6,8,未評価,41,未調査,,CPC不明,CPC不明,CPC不明,B,KWP再調査後に判断,—,事故・保険金待ちで売上停止と支払いが重なる局面。,損害賠償・保険相談だけの可能性,追加KWPシード（要実測）,KWP未調査。検索数・CPCを推測していない。
運送会社 車両 修理代 分割,修理・事故・稼働停止,修理費支払,稼働継続の緊急資金,25,0,6,10,未評価,41,未調査,,CPC不明,CPC不明,CPC不明,B,KWP再調査後に判断,—,稼働停止回避・高額修理の資金需要。,修理業者探し・工賃相場の混入,追加KWPシード（要実測）,KWP未調査。検索数・CPCを推測していない。
運送会社 車両 修理費 分割,修理・事故・稼働停止,修理費支払,稼働継続の緊急資金,25,0,6,10,未評価,41,未調査,,CPC不明,CPC不明,CPC不明,B,KWP再調査後に判断,—,稼働停止回避・高額修理の資金需要。,修理業者探し・工賃相場の混入,追加KWPシード（要実測）,KWP未調査。検索数・CPCを推測していない。
高速料金 運送会社 引き落とし,燃料・ETC,カード・引落,燃料・通行費の支払資金,25,0,6,10,未評価,41,未調査,,CPC不明,CPC不明,CPC不明,B,KWP再調査後に判断,—,後払いカード・高速料金の支払期日と入金ギャップ。,,追加KWPシード（要実測）,KWP未調査。検索数・CPCを推測していない。
高速料金 運送会社 限度額 足りない,燃料・ETC,カード・引落,燃料・通行費の支払資金,25,0,6,10,未評価,41,未調査,,CPC不明,CPC不明,CPC不明,B,KWP再調査後に判断,—,後払いカード・高速料金の支払期日と入金ギャップ。,,追加KWPシード（要実測）,KWP未調査。検索数・CPCを推測していない。
物流会社 法人融資,直接金融・比較,運送業向け資金調達,法人向け事業資金を探す,15,12,6,8,未評価,41,未調査,,CPC不明,CPC不明,CPC不明,B,KWP再調査後に判断,—,案件との整合性が高い対照群。,金融比較・他業種の混入、CPC上昇の可能性,追加KWPシード（要実測）,KWP未調査。検索数・CPCを推測していない。
AdBlue 運送会社 引き落とし,燃料・ETC,カード・引落,燃料・通行費の支払資金,25,0,6,8,未評価,39,未調査,,CPC不明,CPC不明,CPC不明,C,出稿しない,—,後払いカード・高速料金の支払期日と入金ギャップ。,,追加KWPシード（要実測）,KWP未調査。検索数・CPCを推測していない。
AdBlue 運送会社 限度額 足りない,燃料・ETC,カード・引落,燃料・通行費の支払資金,25,0,6,8,未評価,39,未調査,,CPC不明,CPC不明,CPC不明,C,出稿しない,—,後払いカード・高速料金の支払期日と入金ギャップ。,,追加KWPシード（要実測）,KWP未調査。検索数・CPCを推測していない。
ガソリンカード 支払い,燃料・ETC,カード・引落,燃料・通行費の支払資金,5,20,6,8,未評価,39,未調査,,CPC不明,CPC不明,CPC不明,C,出稿しない,—,後払いカード・高速料金の支払期日と入金ギャップ。,,追加KWPシード（要実測）,KWP未調査。検索数・CPCを推測していない。
ガソリンカード 支払い 資金繰り,燃料・ETC,カード・引落,燃料・通行費の支払資金,5,20,6,8,未評価,39,未調査,,CPC不明,CPC不明,CPC不明,C,出稿しない,—,後払いカード・高速料金の支払期日と入金ギャップ。,,追加KWPシード（要実測）,KWP未調査。検索数・CPCを推測していない。
運送業 入金サイト 長い,入金ギャップ,運送会社明示,入金前の支払資金,25,0,6,8,未評価,39,未調査,,CPC不明,CPC不明,CPC不明,C,出稿しない,—,運送会社を明示した回収サイト起点の資金不足。,,追加KWPシード（要実測）,KWP未調査。検索数・CPCを推測していない。
運賃 入金 遅い,入金ギャップ,荷主・元請・売掛金,入金前の支払資金,25,0,6,8,未評価,39,未調査,,CPC不明,CPC不明,CPC不明,C,出稿しない,—,荷主・元請からの入金と先払いコストのズレ。,会計・契約条件の情報収集,追加KWPシード（要実測）,KWP未調査。検索数・CPCを推測していない。
運賃 入金 遅延,入金ギャップ,荷主・元請・売掛金,入金前の支払資金,25,0,6,8,未評価,39,未調査,,CPC不明,CPC不明,CPC不明,C,出稿しない,—,荷主・元請からの入金と先払いコストのズレ。,会計・契約条件の情報収集,追加KWPシード（要実測）,KWP未調査。検索数・CPCを推測していない。
運賃 入金 翌々月,入金ギャップ,荷主・元請・売掛金,入金前の支払資金,25,0,6,8,未評価,39,未調査,,CPC不明,CPC不明,CPC不明,C,出稿しない,—,荷主・元請からの入金と先払いコストのズレ。,会計・契約条件の情報収集,追加KWPシード（要実測）,KWP未調査。検索数・CPCを推測していない。
下請け 支払い 運転資金,傭車・外注,協力会社・外注,協力会社等への支払原資,5,20,6,8,未評価,39,未調査,,CPC不明,CPC不明,CPC不明,C,出稿しない,—,運送会社の下請け・外注支払いの資金ギャップ。,,追加KWPシード（要実測）,KWP未調査。検索数・CPCを推測していない。
下請け 支払い 資金繰り,傭車・外注,協力会社・外注,協力会社等への支払原資,5,20,6,8,未評価,39,未調査,,CPC不明,CPC不明,CPC不明,C,出稿しない,—,運送会社の下請け・外注支払いの資金ギャップ。,,追加KWPシード（要実測）,KWP未調査。検索数・CPCを推測していない。
下請け 支払い 立替,傭車・外注,協力会社・外注,協力会社等への支払原資,5,20,6,8,未評価,39,未調査,,CPC不明,CPC不明,CPC不明,C,出稿しない,—,運送会社の下請け・外注支払いの資金ギャップ。,,追加KWPシード（要実測）,KWP未調査。検索数・CPCを推測していない。
荷主 入金 遅い,入金ギャップ,荷主・元請・売掛金,入金前の支払資金,25,0,6,8,未評価,39,未調査,,CPC不明,CPC不明,CPC不明,C,出稿しない,—,荷主・元請からの入金と先払いコストのズレ。,会計・契約条件の情報収集,追加KWPシード（要実測）,KWP未調査。検索数・CPCを推測していない。
荷主 入金 遅い 運送会社,既存配信監査,既存設定,既存Google広告キーワード,25,0,6,8,未評価,39,未調査,,CPC不明,CPC不明,CPC不明,C,出稿しない,—,既存設定との差分・重複を確認するために記録。,,追加KWPシード（要実測）,KWP未調査。検索数・CPCを推測していない。
荷主 入金 遅延,入金ギャップ,荷主・元請・売掛金,入金前の支払資金,25,0,6,8,未評価,39,未調査,,CPC不明,CPC不明,CPC不明,C,出稿しない,—,荷主・元請からの入金と先払いコストのズレ。,会計・契約条件の情報収集,追加KWPシード（要実測）,KWP未調査。検索数・CPCを推測していない。
荷主 入金 翌々月,入金ギャップ,荷主・元請・売掛金,入金前の支払資金,25,0,6,8,未評価,39,未調査,,CPC不明,CPC不明,CPC不明,C,出稿しない,—,荷主・元請からの入金と先払いコストのズレ。,会計・契約条件の情報収集,追加KWPシード（要実測）,KWP未調査。検索数・CPCを推測していない。
軽油カード 支払い,燃料・ETC,カード・引落,燃料・通行費の支払資金,5,20,6,8,未評価,39,未調査,,CPC不明,CPC不明,CPC不明,C,出稿しない,—,後払いカード・高速料金の支払期日と入金ギャップ。,,追加KWPシード（要実測）,KWP未調査。検索数・CPCを推測していない。
軽油カード 支払い 資金繰り,燃料・ETC,カード・引落,燃料・通行費の支払資金,5,20,6,8,未評価,39,未調査,,CPC不明,CPC不明,CPC不明,C,出稿しない,—,後払いカード・高速料金の支払期日と入金ギャップ。,,追加KWPシード（要実測）,KWP未調査。検索数・CPCを推測していない。
元請 入金 遅い,入金ギャップ,荷主・元請・売掛金,入金前の支払資金,25,0,6,8,未評価,39,未調査,,CPC不明,CPC不明,CPC不明,C,出稿しない,—,荷主・元請からの入金と先払いコストのズレ。,会計・契約条件の情報収集,追加KWPシード（要実測）,KWP未調査。検索数・CPCを推測していない。
元請 入金 遅延,入金ギャップ,荷主・元請・売掛金,入金前の支払資金,25,0,6,8,未評価,39,未調査,,CPC不明,CPC不明,CPC不明,C,出稿しない,—,荷主・元請からの入金と先払いコストのズレ。,会計・契約条件の情報収集,追加KWPシード（要実測）,KWP未調査。検索数・CPCを推測していない。
元請 入金 翌々月,入金ギャップ,荷主・元請・売掛金,入金前の支払資金,25,0,6,8,未評価,39,未調査,,CPC不明,CPC不明,CPC不明,C,出稿しない,—,荷主・元請からの入金と先払いコストのズレ。,会計・契約条件の情報収集,追加KWPシード（要実測）,KWP未調査。検索数・CPCを推測していない。
再委託費 支払い 運転資金,傭車・外注,協力会社・外注,協力会社等への支払原資,5,20,6,8,未評価,39,未調査,,CPC不明,CPC不明,CPC不明,C,出稿しない,—,運送会社の下請け・外注支払いの資金ギャップ。,,追加KWPシード（要実測）,KWP未調査。検索数・CPCを推測していない。
再委託費 支払い 資金繰り,傭車・外注,協力会社・外注,協力会社等への支払原資,5,20,6,8,未評価,39,未調査,,CPC不明,CPC不明,CPC不明,C,出稿しない,—,運送会社の下請け・外注支払いの資金ギャップ。,,追加KWPシード（要実測）,KWP未調査。検索数・CPCを推測していない。
再委託費 支払い 立替,傭車・外注,協力会社・外注,協力会社等への支払原資,5,20,6,8,未評価,39,未調査,,CPC不明,CPC不明,CPC不明,C,出稿しない,—,運送会社の下請け・外注支払いの資金ギャップ。,,追加KWPシード（要実測）,KWP未調査。検索数・CPCを推測していない。
支払いサイト 運送 資金繰り,入金ギャップ,荷主・元請・売掛金,入金前の支払資金,5,20,6,8,未評価,39,未調査,,CPC不明,CPC不明,CPC不明,C,出稿しない,—,荷主・元請からの入金と先払いコストのズレ。,会計・契約条件の情報収集,追加KWPシード（要実測）,KWP未調査。検索数・CPCを推測していない。
支払いサイト 運送 遅い,入金ギャップ,荷主・元請・売掛金,入金前の支払資金,5,20,6,8,未評価,39,未調査,,CPC不明,CPC不明,CPC不明,C,出稿しない,—,荷主・元請からの入金と先払いコストのズレ。,会計・契約条件の情報収集,追加KWPシード（要実測）,KWP未調査。検索数・CPCを推測していない。
支払いサイト 運送 遅延,入金ギャップ,荷主・元請・売掛金,入金前の支払資金,5,20,6,8,未評価,39,未調査,,CPC不明,CPC不明,CPC不明,C,出稿しない,—,荷主・元請からの入金と先払いコストのズレ。,会計・契約条件の情報収集,追加KWPシード（要実測）,KWP未調査。検索数・CPCを推測していない。
支払いサイト 運送 翌々月,入金ギャップ,荷主・元請・売掛金,入金前の支払資金,5,20,6,8,未評価,39,未調査,,CPC不明,CPC不明,CPC不明,C,出稿しない,—,荷主・元請からの入金と先払いコストのズレ。,会計・契約条件の情報収集,追加KWPシード（要実測）,KWP未調査。検索数・CPCを推測していない。
請求書 入金 資金繰り,入金ギャップ,荷主・元請・売掛金,入金前の支払資金,5,20,6,8,未評価,39,未調査,,CPC不明,CPC不明,CPC不明,C,出稿しない,—,荷主・元請からの入金と先払いコストのズレ。,会計・契約条件の情報収集,追加KWPシード（要実測）,KWP未調査。検索数・CPCを推測していない。
入金サイト 運送 資金繰り,入金ギャップ,荷主・元請・売掛金,入金前の支払資金,5,20,6,8,未評価,39,未調査,,CPC不明,CPC不明,CPC不明,C,出稿しない,—,荷主・元請からの入金と先払いコストのズレ。,会計・契約条件の情報収集,追加KWPシード（要実測）,KWP未調査。検索数・CPCを推測していない。
尿素水 運送会社 引き落とし,燃料・ETC,カード・引落,燃料・通行費の支払資金,25,0,6,8,未評価,39,未調査,,CPC不明,CPC不明,CPC不明,C,出稿しない,—,後払いカード・高速料金の支払期日と入金ギャップ。,,追加KWPシード（要実測）,KWP未調査。検索数・CPCを推測していない。
尿素水 運送会社 限度額 足りない,燃料・ETC,カード・引落,燃料・通行費の支払資金,25,0,6,8,未評価,39,未調査,,CPC不明,CPC不明,CPC不明,C,出稿しない,—,後払いカード・高速料金の支払期日と入金ギャップ。,,追加KWPシード（要実測）,KWP未調査。検索数・CPCを推測していない。
売掛金 入金 資金繰り,入金ギャップ,荷主・元請・売掛金,入金前の支払資金,5,20,6,8,未評価,39,未調査,,CPC不明,CPC不明,CPC不明,C,出稿しない,—,荷主・元請からの入金と先払いコストのズレ。,会計・契約条件の情報収集,追加KWPシード（要実測）,KWP未調査。検索数・CPCを推測していない。
物流会社 運転資金,直接金融・比較,運送業向け資金調達,法人向け事業資金を探す,5,20,6,8,未評価,39,未調査,,CPC不明,CPC不明,CPC不明,C,出稿しない,—,案件との整合性が高い対照群。,金融比較・他業種の混入、CPC上昇の可能性,追加KWPシード（要実測）,KWP未調査。検索数・CPCを推測していない。
物流会社 追加融資,直接金融・比較,運送業向け資金調達,法人向け事業資金を探す,5,20,6,8,未評価,39,未調査,,CPC不明,CPC不明,CPC不明,C,出稿しない,—,案件との整合性が高い対照群。,金融比較・他業種の混入、CPC上昇の可能性,追加KWPシード（要実測）,KWP未調査。検索数・CPCを推測していない。
ETCカード 法人 引き落とし,燃料・ETC,カード・引落,燃料・通行費の支払資金,15,0,12,10,未評価,37,未調査,,CPC不明,CPC不明,CPC不明,C,出稿しない,—,後払いカード・高速料金の支払期日と入金ギャップ。,,追加KWPシード（要実測）,KWP未調査。検索数・CPCを推測していない。
ETCカード 法人 限度額 足りない,燃料・ETC,カード・引落,燃料・通行費の支払資金,15,0,12,10,未評価,37,未調査,,CPC不明,CPC不明,CPC不明,C,出稿しない,—,後払いカード・高速料金の支払期日と入金ギャップ。,,追加KWPシード（要実測）,KWP未調査。検索数・CPCを推測していない。
トラック エンジン 修理費 分割,修理・事故・稼働停止,部品・重整備,稼働継続の緊急資金,15,0,12,10,未評価,37,未調査,,CPC不明,CPC不明,CPC不明,C,出稿しない,—,エンジン・ミッション等の重整備は一括支払困難のシグナル。,修理方法の情報収集,追加KWPシード（要実測）,KWP未調査。検索数・CPCを推測していない。
トラック ミッション 修理,既存KWP観測,短い種語・対照,KWP実測のある対照語,15,0,12,10,未評価,37,10–100,40,低,CPC不明,CPC不明,C,出稿しない,—,過去のKWP観測を漏れなく比較対象に残す。単独出稿の可否は別途評価。,短い語は販売・情報収集意図を含む場合がある,KWP観測 2026-08-12,検索数はKWPレンジ。推定検索数は安全側の換算値（0–10=4、10–100=40、100–1000=300、1000–10000=3000）。
トラック ミッション 修理代,既存配信監査,既存設定,既存Google広告キーワード,15,0,12,10,未評価,37,未調査,,CPC不明,CPC不明,CPC不明,C,出稿しない,—,既存設定との差分・重複を確認するために記録。,,追加KWPシード（要実測）,KWP未調査。検索数・CPCを推測していない。
トラック ミッション 修理費 分割,修理・事故・稼働停止,部品・重整備,稼働継続の緊急資金,15,0,12,10,未評価,37,未調査,,CPC不明,CPC不明,CPC不明,C,出稿しない,—,エンジン・ミッション等の重整備は一括支払困難のシグナル。,修理方法の情報収集,追加KWPシード（要実測）,KWP未調査。検索数・CPCを推測していない。
トラック 事故 修理,既存KWP観測,短い種語・対照,KWP実測のある対照語,15,0,12,10,未評価,37,10–100,40,低,CPC不明,CPC不明,C,出稿しない,—,過去のKWP観測を漏れなく比較対象に残す。単独出稿の可否は別途評価。,短い語は販売・情報収集意図を含む場合がある,KWP観測 2026-08-12,検索数はKWPレンジ。推定検索数は安全側の換算値（0–10=4、10–100=40、100–1000=300、1000–10000=3000）。
トラック DPF 修理費 分割,修理・事故・稼働停止,部品・重整備,稼働継続の緊急資金,15,0,6,10,未評価,31,未調査,,CPC不明,CPC不明,CPC不明,C,出稿しない,—,エンジン・ミッション等の重整備は一括支払困難のシグナル。,修理方法の情報収集,追加KWPシード（要実測）,KWP未調査。検索数・CPCを推測していない。
トラック クラッチ 修理費 分割,修理・事故・稼働停止,部品・重整備,稼働継続の緊急資金,15,0,6,10,未評価,31,未調査,,CPC不明,CPC不明,CPC不明,C,出稿しない,—,エンジン・ミッション等の重整備は一括支払困難のシグナル。,修理方法の情報収集,追加KWPシード（要実測）,KWP未調査。検索数・CPCを推測していない。
トラック ターボ 修理費 分割,修理・事故・稼働停止,部品・重整備,稼働継続の緊急資金,15,0,6,10,未評価,31,未調査,,CPC不明,CPC不明,CPC不明,C,出稿しない,—,エンジン・ミッション等の重整備は一括支払困難のシグナル。,修理方法の情報収集,追加KWPシード（要実測）,KWP未調査。検索数・CPCを推測していない。
トラック デフ 修理費 分割,修理・事故・稼働停止,部品・重整備,稼働継続の緊急資金,15,0,6,10,未評価,31,未調査,,CPC不明,CPC不明,CPC不明,C,出稿しない,—,エンジン・ミッション等の重整備は一括支払困難のシグナル。,修理方法の情報収集,追加KWPシード（要実測）,KWP未調査。検索数・CPCを推測していない。
トラック パンク 修理,修理・事故・稼働停止,情報収集除外,修理業者探し,15,0,6,10,未評価,31,未調査,,CPC不明,CPC不明,CPC不明,C,出稿しない,—,価格・店舗・修理作業の検索は融資意図が弱い。,修理業者・相場,追加KWPシード（要実測）,KWP未調査。検索数・CPCを推測していない。
トラック ラジエーター 修理費 分割,修理・事故・稼働停止,部品・重整備,稼働継続の緊急資金,15,0,6,10,未評価,31,未調査,,CPC不明,CPC不明,CPC不明,C,出稿しない,—,エンジン・ミッション等の重整備は一括支払困難のシグナル。,修理方法の情報収集,追加KWPシード（要実測）,KWP未調査。検索数・CPCを推測していない。
トラック 修理代,既存KWP観測,短い種語・対照,KWP実測のある対照語,15,0,6,10,未評価,31,10–100,40,低,CPC不明,CPC不明,C,出稿しない,—,過去のKWP観測を漏れなく比較対象に残す。単独出稿の可否は別途評価。,短い語は販売・情報収集意図を含む場合がある,KWP観測 2026-08-12,検索数はKWPレンジ。推定検索数は安全側の換算値（0–10=4、10–100=40、100–1000=300、1000–10000=3000）。
トラック 修理代 分割,修理・事故・稼働停止,修理費支払,稼働継続の緊急資金,15,0,6,10,未評価,31,未調査,,CPC不明,CPC不明,CPC不明,C,出稿しない,—,稼働停止回避・高額修理の資金需要。,修理業者探し・工賃相場の混入,追加KWPシード（要実測）,KWP未調査。検索数・CPCを推測していない。
トラック 修理費,既存KWP観測,短い種語・対照,KWP実測のある対照語,15,0,6,10,未評価,31,10–100,40,低,CPC不明,CPC不明,C,出稿しない,—,過去のKWP観測を漏れなく比較対象に残す。単独出稿の可否は別途評価。,短い語は販売・情報収集意図を含む場合がある,KWP観測 2026-08-12,検索数はKWPレンジ。推定検索数は安全側の換算値（0–10=4、10–100=40、100–1000=300、1000–10000=3000）。
トラック 修理費 分割,修理・事故・稼働停止,修理費支払,稼働継続の緊急資金,15,0,6,10,未評価,31,未調査,,CPC不明,CPC不明,CPC不明,C,出稿しない,—,稼働停止回避・高額修理の資金需要。,修理業者探し・工賃相場の混入,追加KWPシード（要実測）,KWP未調査。検索数・CPCを推測していない。
トラック 冷凍機 修理費 分割,修理・事故・稼働停止,部品・重整備,稼働継続の緊急資金,15,0,6,10,未評価,31,未調査,,CPC不明,CPC不明,CPC不明,C,出稿しない,—,エンジン・ミッション等の重整備は一括支払困難のシグナル。,修理方法の情報収集,追加KWPシード（要実測）,KWP未調査。検索数・CPCを推測していない。
車両保険 免責 資金,修理・事故・稼働停止,事故・保険金待ち,事故後のつなぎ資金,5,12,6,8,未評価,31,未調査,,CPC不明,CPC不明,CPC不明,C,出稿しない,—,事故・保険金待ちで売上停止と支払いが重なる局面。,損害賠償・保険相談だけの可能性,追加KWPシード（要実測）,KWP未調査。検索数・CPCを推測していない。
物流会社 つなぎ資金,直接金融・比較,運送業向け資金調達,法人向け事業資金を探す,5,12,6,8,未評価,31,未調査,,CPC不明,CPC不明,CPC不明,C,出稿しない,—,案件との整合性が高い対照群。,金融比較・他業種の混入、CPC上昇の可能性,追加KWPシード（要実測）,KWP未調査。検索数・CPCを推測していない。
物流会社 運行管理システム 資金,設備・拠点投資,設備導入,設備投資資金,5,12,6,8,未評価,31,未調査,,CPC不明,CPC不明,CPC不明,C,出稿しない,—,法人の設備投資・拠点整備に伴うまとまった需要。,補助金・製品比較意図の混入,追加KWPシード（要実測）,KWP未調査。検索数・CPCを推測していない。
物流会社 営業所 資金,設備・拠点投資,設備導入,設備投資資金,5,12,6,8,未評価,31,未調査,,CPC不明,CPC不明,CPC不明,C,出稿しない,—,法人の設備投資・拠点整備に伴うまとまった需要。,補助金・製品比較意図の混入,追加KWPシード（要実測）,KWP未調査。検索数・CPCを推測していない。
物流会社 資金調達,直接金融・比較,運送業向け資金調達,法人向け事業資金を探す,5,12,6,8,未評価,31,未調査,,CPC不明,CPC不明,CPC不明,C,出稿しない,—,案件との整合性が高い対照群。,金融比較・他業種の混入、CPC上昇の可能性,追加KWPシード（要実測）,KWP未調査。検索数・CPCを推測していない。
物流会社 事業資金,直接金融・比較,運送業向け資金調達,法人向け事業資金を探す,5,12,6,8,未評価,31,未調査,,CPC不明,CPC不明,CPC不明,C,出稿しない,—,案件との整合性が高い対照群。,金融比較・他業種の混入、CPC上昇の可能性,追加KWPシード（要実測）,KWP未調査。検索数・CPCを推測していない。
物流会社 車両資金,直接金融・比較,運送業向け資金調達,法人向け事業資金を探す,5,12,6,8,未評価,31,未調査,,CPC不明,CPC不明,CPC不明,C,出稿しない,—,案件との整合性が高い対照群。,金融比較・他業種の混入、CPC上昇の可能性,追加KWPシード（要実測）,KWP未調査。検索数・CPCを推測していない。
物流会社 配車システム 資金,設備・拠点投資,設備導入,設備投資資金,5,12,6,8,未評価,31,未調査,,CPC不明,CPC不明,CPC不明,C,出稿しない,—,法人の設備投資・拠点整備に伴うまとまった需要。,補助金・製品比較意図の混入,追加KWPシード（要実測）,KWP未調査。検索数・CPCを推測していない。
燃料カード 引き落とし,燃料・ETC,カード・引落,燃料・通行費の支払資金,5,0,12,10,未評価,27,未調査,,CPC不明,CPC不明,CPC不明,C,出稿しない,—,後払いカード・高速料金の支払期日と入金ギャップ。,,追加KWPシード（要実測）,KWP未調査。検索数・CPCを推測していない。
燃料カード 限度額 足りない,燃料・ETC,カード・引落,燃料・通行費の支払資金,5,0,12,10,未評価,27,未調査,,CPC不明,CPC不明,CPC不明,C,出稿しない,—,後払いカード・高速料金の支払期日と入金ギャップ。,,追加KWPシード（要実測）,KWP未調査。検索数・CPCを推測していない。
保険金 入るまで 修理代,修理・事故・稼働停止,事故・保険金待ち,事故後のつなぎ資金,5,0,6,10,未評価,21,未調査,,CPC不明,CPC不明,CPC不明,C,出稿しない,—,事故・保険金待ちで売上停止と支払いが重なる局面。,損害賠償・保険相談だけの可能性,追加KWPシード（要実測）,KWP未調査。検索数・CPCを推測していない。
ガソリンカード 引き落とし,燃料・ETC,カード・引落,燃料・通行費の支払資金,5,0,6,8,未評価,19,未調査,,CPC不明,CPC不明,CPC不明,C,出稿しない,—,後払いカード・高速料金の支払期日と入金ギャップ。,,追加KWPシード（要実測）,KWP未調査。検索数・CPCを推測していない。
ガソリンカード 限度額 足りない,燃料・ETC,カード・引落,燃料・通行費の支払資金,5,0,6,8,未評価,19,未調査,,CPC不明,CPC不明,CPC不明,C,出稿しない,—,後払いカード・高速料金の支払期日と入金ギャップ。,,追加KWPシード（要実測）,KWP未調査。検索数・CPCを推測していない。
軽油カード 引き落とし,燃料・ETC,カード・引落,燃料・通行費の支払資金,5,0,6,8,未評価,19,未調査,,CPC不明,CPC不明,CPC不明,C,出稿しない,—,後払いカード・高速料金の支払期日と入金ギャップ。,,追加KWPシード（要実測）,KWP未調査。検索数・CPCを推測していない。
軽油カード 限度額 足りない,燃料・ETC,カード・引落,燃料・通行費の支払資金,5,0,6,8,未評価,19,未調査,,CPC不明,CPC不明,CPC不明,C,出稿しない,—,後払いカード・高速料金の支払期日と入金ギャップ。,,追加KWPシード（要実測）,KWP未調査。検索数・CPCを推測していない。
請求書 入金 遅い,入金ギャップ,荷主・元請・売掛金,入金前の支払資金,5,0,6,8,未評価,19,未調査,,CPC不明,CPC不明,CPC不明,C,出稿しない,—,荷主・元請からの入金と先払いコストのズレ。,会計・契約条件の情報収集,追加KWPシード（要実測）,KWP未調査。検索数・CPCを推測していない。
請求書 入金 遅延,入金ギャップ,荷主・元請・売掛金,入金前の支払資金,5,0,6,8,未評価,19,未調査,,CPC不明,CPC不明,CPC不明,C,出稿しない,—,荷主・元請からの入金と先払いコストのズレ。,会計・契約条件の情報収集,追加KWPシード（要実測）,KWP未調査。検索数・CPCを推測していない。
請求書 入金 翌々月,入金ギャップ,荷主・元請・売掛金,入金前の支払資金,5,0,6,8,未評価,19,未調査,,CPC不明,CPC不明,CPC不明,C,出稿しない,—,荷主・元請からの入金と先払いコストのズレ。,会計・契約条件の情報収集,追加KWPシード（要実測）,KWP未調査。検索数・CPCを推測していない。
入金サイト 運送 遅い,入金ギャップ,荷主・元請・売掛金,入金前の支払資金,5,0,6,8,未評価,19,未調査,,CPC不明,CPC不明,CPC不明,C,出稿しない,—,荷主・元請からの入金と先払いコストのズレ。,会計・契約条件の情報収集,追加KWPシード（要実測）,KWP未調査。検索数・CPCを推測していない。
入金サイト 運送 遅延,入金ギャップ,荷主・元請・売掛金,入金前の支払資金,5,0,6,8,未評価,19,未調査,,CPC不明,CPC不明,CPC不明,C,出稿しない,—,荷主・元請からの入金と先払いコストのズレ。,会計・契約条件の情報収集,追加KWPシード（要実測）,KWP未調査。検索数・CPCを推測していない。
入金サイト 運送 翌々月,入金ギャップ,荷主・元請・売掛金,入金前の支払資金,5,0,6,8,未評価,19,未調査,,CPC不明,CPC不明,CPC不明,C,出稿しない,—,荷主・元請からの入金と先払いコストのズレ。,会計・契約条件の情報収集,追加KWPシード（要実測）,KWP未調査。検索数・CPCを推測していない。
売掛金 入金 遅い,入金ギャップ,荷主・元請・売掛金,入金前の支払資金,5,0,6,8,未評価,19,未調査,,CPC不明,CPC不明,CPC不明,C,出稿しない,—,荷主・元請からの入金と先払いコストのズレ。,会計・契約条件の情報収集,追加KWPシード（要実測）,KWP未調査。検索数・CPCを推測していない。
売掛金 入金 遅延,入金ギャップ,荷主・元請・売掛金,入金前の支払資金,5,0,6,8,未評価,19,未調査,,CPC不明,CPC不明,CPC不明,C,出稿しない,—,荷主・元請からの入金と先払いコストのズレ。,会計・契約条件の情報収集,追加KWPシード（要実測）,KWP未調査。検索数・CPCを推測していない。
売掛金 入金 翌々月,入金ギャップ,荷主・元請・売掛金,入金前の支払資金,5,0,6,8,未評価,19,未調査,,CPC不明,CPC不明,CPC不明,C,出稿しない,—,荷主・元請からの入金と先払いコストのズレ。,会計・契約条件の情報収集,追加KWPシード（要実測）,KWP未調査。検索数・CPCを推測していない。
大型トラック 購入,既存KWP観測,短い種語・対照,KWP実測のある対照語,15,0,20,8,15,58,10–100,40,高,40,76,除外,出稿しない,—,過去のKWP観測を漏れなく比較対象に残す。単独出稿の可否は別途評価。,短い語は販売・情報収集意図を含む場合がある,KWP観測 2026-08-12,検索数はKWPレンジ。推定検索数は安全側の換算値（0–10=4、10–100=40、100–1000=300、1000–10000=3000）。
トラック タイヤ交換,修理・事故・稼働停止,情報収集除外,修理業者探し,15,0,6,8,10,0,1000–10000,3000,低,140,786,除外,出稿しない,—,価格・店舗・修理作業の検索は融資意図が弱い。,修理業者・相場,KWP観測 2026-08-12,検索数はKWPレンジ。推定検索数は安全側の換算値（0–10=4、10–100=40、100–1000=300、1000–10000=3000）。
トラック 車検 費用,修理・事故・稼働停止,情報収集除外,修理業者探し,15,0,6,8,未評価,0,未調査,,CPC不明,CPC不明,CPC不明,除外,出稿しない,—,価格・店舗・修理作業の検索は融資意図が弱い。,修理業者・相場,追加KWPシード（要実測）,KWP未調査。検索数・CPCを推測していない。
トラック 修理 出張,修理・事故・稼働停止,情報収集除外,修理業者探し,15,0,6,10,未評価,0,未調査,,CPC不明,CPC不明,CPC不明,除外,出稿しない,—,価格・店舗・修理作業の検索は融資意図が弱い。,修理業者・相場,追加KWPシード（要実測）,KWP未調査。検索数・CPCを推測していない。
トラック 修理 相場,修理・事故・稼働停止,情報収集除外,修理業者探し,15,0,6,10,未評価,0,未調査,,CPC不明,CPC不明,CPC不明,除外,出稿しない,—,価格・店舗・修理作業の検索は融資意図が弱い。,修理業者・相場,追加KWPシード（要実測）,KWP未調査。検索数・CPCを推測していない。
運送会社 給料 払えない,人件費・保険,末期除外,審査困難,25,25,6,0,未評価,0,未調査,,CPC不明,CPC不明,CPC不明,除外,出稿しない,—,末期的な資金難・法的問題は初期出稿から外す。,審査健全度が低い,追加KWPシード（要実測）,KWP未調査。検索数・CPCを推測していない。
運送会社 差押え,人件費・保険,末期除外,審査困難,25,0,6,0,未評価,0,未調査,,CPC不明,CPC不明,CPC不明,除外,出稿しない,—,末期的な資金難・法的問題は初期出稿から外す。,審査健全度が低い,追加KWPシード（要実測）,KWP未調査。検索数・CPCを推測していない。
運送会社 税金 滞納,人件費・保険,末期除外,審査困難,25,0,6,8,未評価,0,未調査,,CPC不明,CPC不明,CPC不明,除外,出稿しない,—,末期的な資金難・法的問題は初期出稿から外す。,審査健全度が低い,追加KWPシード（要実測）,KWP未調査。検索数・CPCを推測していない。
運送会社 倒産,人件費・保険,末期除外,審査困難,25,0,6,0,未評価,0,未調査,,CPC不明,CPC不明,CPC不明,除外,出稿しない,—,末期的な資金難・法的問題は初期出稿から外す。,審査健全度が低い,追加KWPシード（要実測）,KWP未調査。検索数・CPCを推測していない。
運送会社 破産,人件費・保険,末期除外,審査困難,25,0,6,0,未評価,0,未調査,,CPC不明,CPC不明,CPC不明,除外,出稿しない,—,末期的な資金難・法的問題は初期出稿から外す。,審査健全度が低い,追加KWPシード（要実測）,KWP未調査。検索数・CPCを推測していない。
運送会社 廃業,人件費・保険,末期除外,審査困難,25,0,6,0,未評価,0,未調査,,CPC不明,CPC不明,CPC不明,除外,出稿しない,—,末期的な資金難・法的問題は初期出稿から外す。,審査健全度が低い,追加KWPシード（要実測）,KWP未調査。検索数・CPCを推測していない。
協力会社 募集 運送,傭車・外注,用語・採用除外,情報収集,25,0,12,15,未評価,0,未調査,,CPC不明,CPC不明,CPC不明,除外,出稿しない,—,用語説明・求人・取引先探索を除く。,情報収集・求人・取引先探索,追加KWPシード（要実測）,KWP未調査。検索数・CPCを推測していない。
近く の トラック 修理,修理・事故・稼働停止,情報収集除外,修理業者探し,15,0,6,10,未評価,0,未調査,,CPC不明,CPC不明,CPC不明,除外,出稿しない,—,価格・店舗・修理作業の検索は融資意図が弱い。,修理業者・相場,追加KWPシード（要実測）,KWP未調査。検索数・CPCを推測していない。
傭車 求人,傭車・外注,用語・採用除外,情報収集,25,0,12,15,未評価,0,未調査,,CPC不明,CPC不明,CPC不明,除外,出稿しない,—,用語説明・求人・取引先探索を除く。,情報収集・求人・取引先探索,追加KWPシード（要実測）,KWP未調査。検索数・CPCを推測していない。
傭車 単価 相場,傭車・外注,用語・採用除外,情報収集,25,0,12,15,未評価,0,未調査,,CPC不明,CPC不明,CPC不明,除外,出稿しない,—,用語説明・求人・取引先探索を除く。,情報収集・求人・取引先探索,追加KWPシード（要実測）,KWP未調査。検索数・CPCを推測していない。
傭車 募集,傭車・外注,用語・採用除外,情報収集,25,0,12,15,未評価,0,未調査,,CPC不明,CPC不明,CPC不明,除外,出稿しない,—,用語説明・求人・取引先探索を除く。,情報収集・求人・取引先探索,追加KWPシード（要実測）,KWP未調査。検索数・CPCを推測していない。
傭車代 とは,傭車・外注,用語・採用除外,情報収集,25,0,12,15,未評価,0,未調査,,CPC不明,CPC不明,CPC不明,除外,出稿しない,—,用語説明・求人・取引先探索を除く。,情報収集・求人・取引先探索,追加KWPシード（要実測）,KWP未調査。検索数・CPCを推測していない。
傭車費 とは,傭車・外注,用語・採用除外,情報収集,25,0,12,15,未評価,0,100–1000,300,低,CPC不明,CPC不明,除外,出稿しない,—,用語説明・求人・取引先探索を除く。,情報収集・求人・取引先探索,KWP観測 2026-08-12,検索数はKWPレンジ。推定検索数は安全側の換算値（0–10=4、10–100=40、100–1000=300、1000–10000=3000）。
庸車費 とは,傭車・外注,用語・採用除外,情報収集,25,0,12,15,未評価,0,未調査,,CPC不明,CPC不明,CPC不明,除外,出稿しない,—,用語説明・求人・取引先探索を除く。,情報収集・求人・取引先探索,追加KWPシード（要実測）,KWP未調査。検索数・CPCを推測していない。
